timestamp,machine_id,operator_id,engine_hours,fuel_used_l,load_cycles,idling_time_min,seatbelt_status,safety_alert_triggered,provenance,machine_model,air_temperature_c,soil_type,soil_moisture_percent_vwc,interval_minutes,timezone,generator_version,generation_seed
2025-05-05 06:00:00,EXC001,OP1001,1531.0,4.4,9,34.1,Unfastened,No,synthetic,CAT 325,22.8,Clay,14.2,60.0,America/Chicago,data-001-v1,42
2025-05-05 07:00:00,EXC001,OP2001,1531.6,2.9,3,47.4,Fastened,No,synthetic,CAT 325,26.1,Gravel,5.0,60.0,America/Chicago,data-001-v1,42
2025-05-05 08:00:00,EXC001,OP1001,1532.2,4.8,6,36.0,Unfastened,No,synthetic,CAT 325,21.3,Gravel,16.6,60.0,America/Chicago,data-001-v1,42
2025-05-05 09:00:00,EXC001,OP2001,1532.9,0.6,0,47.3,Fastened,No,synthetic,CAT 325,16.9,Loam,24.3,60.0,America/Chicago,data-001-v1,42
2025-05-05 10:00:00,EXC001,OP1001,1533.8,5.9,12,24.9,Fastened,No,synthetic,CAT 325,12.4,Gravel,17.9,60.0,America/Chicago,data-001-v1,42
2025-05-05 11:00:00,EXC001,OP2001,1534.8,8.9,18,5.8,Fastened,No,synthetic,CAT 325,13.7,Sand,22.3,60.0,America/Chicago,data-001-v1,42
2025-05-05 12:00:00,EXC001,OP1001,1535.5,4.0,3,49.3,Fastened,No,synthetic,CAT 325,23.5,Clay,8.7,60.0,America/Chicago,data-001-v1,42
2025-05-05 13:00:00,EXC001,OP2001,1536.2,4.6,5,36.4,Fastened,No,synthetic,CAT 325,23.6,Sand,20.5,60.0,America/Chicago,data-001-v1,42
2025-05-05 14:00:00,EXC001,OP1001,1537.0,6.2,12,18.9,Fastened,No,synthetic,CAT 325,40.2,Loam,43.5,60.0,America/Chicago,data-001-v1,42
2025-05-05 15:00:00,EXC001,OP2001,1537.8,5.2,6,38.7,Fastened,No,synthetic,CAT 325,19.3,Sand,25.5,60.0,America/Chicago,data-001-v1,42
2025-05-05 16:00:00,EXC001,OP1001,1538.4,6.7,9,30.5,Fastened,No,synthetic,CAT 325,28.2,Gravel,45.2,60.0,America/Chicago,data-001-v1,42
2025-05-05 17:00:00,EXC001,OP2001,1539.0,3.2,5,38.4,Fastened,No,synthetic,CAT 325,12.1,Loam,40.9,60.0,America/Chicago,data-001-v1,42
2025-05-05 06:00:00,EXC002,OP1001,6200.7,0.6,0,45.6,Fastened,No,synthetic,CAT 325,16.6,Sand,54.3,60.0,America/Chicago,data-001-v1,42
2025-05-05 07:00:00,EXC002,OP2001,6201.3,5.8,10,25.8,Fastened,No,synthetic,CAT 325,25.0,Loam,23.2,60.0,America/Chicago,data-001-v1,42
2025-05-05 08:00:00,EXC002,OP1001,6202.0,5.1,3,49.4,Fastened,No,synthetic,CAT 325,17.6,Sand,36.7,60.0,America/Chicago,data-001-v1,42
2025-05-05 09:00:00,EXC002,OP2001,6202.8,6.8,16,12.6,Fastened,No,synthetic,CAT 325,11.1,Sand,37.2,60.0,America/Chicago,data-001-v1,42
2025-05-05 10:00:00,EXC002,OP1001,6203.5,6.5,13,19.3,Fastened,No,synthetic,CAT 325,22.0,Clay,38.2,60.0,America/Chicago,data-001-v1,42
2025-05-05 11:00:00,EXC002,OP2001,6204.4,8.3,18,3.0,Fastened,No,synthetic,CAT 325,20.1,Loam,54.1,60.0,America/Chicago,data-001-v1,42
2025-05-05 12:00:00,EXC002,OP1001,6205.0,0.9,0,54.1,Fastened,No,synthetic,CAT 325,20.7,Sand,32.1,60.0,America/Chicago,data-001-v1,42
2025-05-05 13:00:00,EXC002,OP2001,6205.6,6.3,10,32.0,Fastened,No,synthetic,CAT 325,18.5,Gravel,60.0,60.0,America/Chicago,data-001-v1,42
2025-05-05 14:00:00,EXC002,OP1001,6206.3,4.9,9,31.7,Unfastened,Yes,synthetic,CAT 325,33.3,Loam,67.6,60.0,America/Chicago,data-001-v1,42
2025-05-05 15:00:00,EXC002,OP2001,6207.0,6.0,8,31.8,Fastened,No,synthetic,CAT 325,19.0,Gravel,40.5,60.0,America/Chicago,data-001-v1,42
2025-05-05 16:00:00,EXC002,OP1001,6207.6,6.0,7,37.8,Fastened,No,synthetic,CAT 325,12.5,Gravel,28.7,60.0,America/Chicago,data-001-v1,42
2025-05-05 17:00:00,EXC002,OP2001,6208.4,3.6,5,39.9,Fastened,No,synthetic,CAT 325,14.3,Clay,54.2,60.0,America/Chicago,data-001-v1,42
2025-05-06 06:00:00,EXC001,OP1001,1539.6,4.8,3,41.6,Fastened,No,synthetic,CAT 325,19.9,Gravel,68.1,60.0,America/Chicago,data-001-v1,42
2025-05-06 07:00:00,EXC001,OP2001,1540.4,3.7,6,37.7,Fastened,No,synthetic,CAT 325,19.5,Loam,54.3,60.0,America/Chicago,data-001-v1,42
2025-05-06 08:00:00,EXC001,OP1001,1541.2,7.8,15,16.1,Fastened,No,synthetic,CAT 325,17.0,Loam,24.5,60.0,America/Chicago,data-001-v1,42
2025-05-06 09:00:00,EXC001,OP2001,1541.8,4.8,4,45.3,Fastened,No,synthetic,CAT 325,15.9,Sand,39.5,60.0,America/Chicago,data-001-v1,42
2025-05-06 10:00:00,EXC001,OP1001,1542.5,9.6,18,12.6,Fastened,No,synthetic,CAT 325,28.2,Clay,45.9,60.0,America/Chicago,data-001-v1,42
2025-05-06 11:00:00,EXC001,OP2001,1543.2,6.3,10,29.2,Fastened,No,synthetic,CAT 325,20.9,Gravel,49.4,60.0,America/Chicago,data-001-v1,42
2025-05-06 12:00:00,EXC001,OP1001,1543.8,2.0,3,50.6,Fastened,No,synthetic,CAT 325,26.3,Sand,47.4,60.0,America/Chicago,data-001-v1,42
2025-05-06 13:00:00,EXC001,OP2001,1544.5,6.2,9,31.6,Fastened,No,synthetic,CAT 325,19.8,Loam,9.7,60.0,America/Chicago,data-001-v1,42
2025-05-06 14:00:00,EXC001,OP1001,1545.1,4.4,5,41.0,Fastened,No,synthetic,CAT 325,11.6,Loam,33.8,60.0,America/Chicago,data-001-v1,42
2025-05-06 15:00:00,EXC001,OP2001,1545.8,3.5,5,38.3,Fastened,No,synthetic,CAT 325,21.1,Gravel,26.4,60.0,America/Chicago,data-001-v1,42
2025-05-06 16:00:00,EXC001,OP1001,1546.6,3.0,4,41.5,Fastened,No,synthetic,CAT 325,21.4,Clay,48.5,60.0,America/Chicago,data-001-v1,42
2025-05-06 17:00:00,EXC001,OP2001,1547.4,4.9,11,22.2,Fastened,No,synthetic,CAT 325,12.9,Loam,45.5,60.0,America/Chicago,data-001-v1,42
2025-05-06 06:00:00,EXC002,OP1001,6209.2,8.4,16,11.4,Fastened,No,synthetic,CAT 325,18.2,Loam,21.9,60.0,America/Chicago,data-001-v1,42
2025-05-06 07:00:00,EXC002,OP2001,6209.8,4.8,6,39.0,Fastened,No,synthetic,CAT 325,21.6,Gravel,25.3,60.0,America/Chicago,data-001-v1,42
2025-05-06 08:00:00,EXC002,OP1001,6210.4,4.5,5,43.4,Fastened,No,synthetic,CAT 325,17.2,Sand,60.3,60.0,America/Chicago,data-001-v1,42
2025-05-06 09:00:00,EXC002,OP2001,6211.1,1.0,0,50.7,Fastened,Yes,synthetic,CAT 325,19.4,Sand,12.2,60.0,America/Chicago,data-001-v1,42
2025-05-06 10:00:00,EXC002,OP1001,6211.7,0.6,0,52.7,Fastened,No,synthetic,CAT 325,23.2,Gravel,40.7,60.0,America/Chicago,data-001-v1,42
2025-05-06 11:00:00,EXC002,OP2001,6212.3,4.7,5,44.9,Unfastened,Yes,synthetic,CAT 325,26.1,Gravel,35.7,60.0,America/Chicago,data-001-v1,42
2025-05-06 12:00:00,EXC002,OP1001,6212.8,0.8,0,50.5,Fastened,No,synthetic,CAT 325,29.6,Gravel,30.1,60.0,America/Chicago,data-001-v1,42
2025-05-06 13:00:00,EXC002,OP2001,6213.6,8.5,18,3.4,Fastened,No,synthetic,CAT 325,18.3,Gravel,50.9,60.0,America/Chicago,data-001-v1,42
2025-05-06 14:00:00,EXC002,OP1001,6214.2,4.7,6,40.2,Fastened,No,synthetic,CAT 325,24.3,Loam,21.0,60.0,America/Chicago,data-001-v1,42
2025-05-06 15:00:00,EXC002,OP2001,6214.9,5.5,9,31.9,Fastened,No,synthetic,CAT 325,13.8,Loam,23.9,60.0,America/Chicago,data-001-v1,42
2025-05-06 16:00:00,EXC002,OP1001,6215.8,7.7,18,3.0,Fastened,No,synthetic,CAT 325,20.5,Clay,21.9,60.0,America/Chicago,data-001-v1,42
2025-05-06 17:00:00,EXC002,OP2001,6216.4,0.6,0,52.8,Fastened,No,synthetic,CAT 325,22.5,Gravel,43.7,60.0,America/Chicago,data-001-v1,42
2025-05-07 06:00:00,EXC001,OP1001,1548.0,0.5,0,50.8,Fastened,No,synthetic,CAT 325,13.1,Clay,64.5,60.0,America/Chicago,data-001-v1,42
2025-05-07 07:00:00,EXC001,OP2001,1548.6,0.8,0,48.0,Fastened,No,synthetic,CAT 325,11.0,Gravel,32.5,60.0,America/Chicago,data-001-v1,42
2025-05-07 08:00:00,EXC001,OP1001,1549.4,4.2,9,28.0,Fastened,No,synthetic,CAT 325,20.3,Clay,9.3,60.0,America/Chicago,data-001-v1,42
2025-05-07 09:00:00,EXC001,OP2001,1550.1,5.9,12,21.3,Fastened,No,synthetic,CAT 325,8.1,Clay,54.8,60.0,America/Chicago,data-001-v1,42
2025-05-07 10:00:00,EXC001,OP1001,1550.8,6.9,14,19.2,Fastened,No,synthetic,CAT 325,32.7,Gravel,41.9,60.0,America/Chicago,data-001-v1,42
2025-05-07 11:00:00,EXC001,OP2001,1551.4,5.2,9,28.6,Fastened,No,synthetic,CAT 325,18.4,Loam,9.9,60.0,America/Chicago,data-001-v1,42
2025-05-07 12:00:00,EXC001,OP1001,1552.2,4.9,6,38.4,Fastened,No,synthetic,CAT 325,27.0,Loam,36.3,60.0,America/Chicago,data-001-v1,42
2025-05-07 13:00:00,EXC001,OP2001,1552.8,3.8,5,42.6,Fastened,No,synthetic,CAT 325,25.6,Loam,32.3,60.0,America/Chicago,data-001-v1,42
2025-05-07 14:00:00,EXC001,OP1001,1553.6,5.9,12,20.2,Fastened,No,synthetic,CAT 325,18.8,Sand,39.2,60.0,America/Chicago,data-001-v1,42
2025-05-07 15:00:00,EXC001,OP2001,1554.4,6.0,12,26.7,Fastened,No,synthetic,CAT 325,9.7,Clay,45.2,60.0,America/Chicago,data-001-v1,42
2025-05-07 16:00:00,EXC001,OP1001,1555.1,5.6,11,27.7,Fastened,No,synthetic,CAT 325,18.7,Loam,51.5,60.0,America/Chicago,data-001-v1,42
2025-05-07 17:00:00,EXC001,OP2001,1555.9,7.4,14,17.3,Fastened,No,synthetic,CAT 325,6.5,Loam,5.5,60.0,America/Chicago,data-001-v1,42
2025-05-07 06:00:00,EXC002,OP1001,6217.1,4.0,6,32.2,Fastened,No,synthetic,CAT 325,15.5,Loam,32.6,60.0,America/Chicago,data-001-v1,42
2025-05-07 07:00:00,EXC002,OP2001,6217.8,4.7,3,47.0,Fastened,No,synthetic,CAT 325,11.9,Sand,25.9,60.0,America/Chicago,data-001-v1,42
2025-05-07 08:00:00,EXC002,OP1001,6218.4,5.3,12,25.1,Fastened,No,synthetic,CAT 325,14.4,Gravel,37.6,60.0,America/Chicago,data-001-v1,42
2025-05-07 09:00:00,EXC002,OP2001,6219.0,4.1,4,43.8,Fastened,No,synthetic,CAT 325,20.7,Loam,51.2,60.0,America/Chicago,data-001-v1,42
2025-05-07 10:00:00,EXC002,OP1001,6219.9,6.8,14,20.6,Fastened,No,synthetic,CAT 325,20.3,Sand,20.2,60.0,America/Chicago,data-001-v1,42
2025-05-07 11:00:00,EXC002,OP2001,6220.7,5.7,9,30.3,Fastened,No,synthetic,CAT 325,23.6,Sand,25.5,60.0,America/Chicago,data-001-v1,42
2025-05-07 12:00:00,EXC002,OP1001,6221.5,8.4,17,7.1,Fastened,No,synthetic,CAT 325,34.0,Sand,45.6,60.0,America/Chicago,data-001-v1,42
2025-05-07 13:00:00,EXC002,OP2001,6222.3,6.0,14,17.8,Fastened,No,synthetic,CAT 325,15.2,Clay,26.8,60.0,America/Chicago,data-001-v1,42
2025-05-07 14:00:00,EXC002,OP1001,6223.0,4.4,4,44.3,Fastened,No,synthetic,CAT 325,16.8,Sand,7.6,60.0,America/Chicago,data-001-v1,42
2025-05-07 15:00:00,EXC002,OP2001,6223.7,6.9,16,8.4,Fastened,No,synthetic,CAT 325,24.7,Gravel,21.1,60.0,America/Chicago,data-001-v1,42
2025-05-07 16:00:00,EXC002,OP1001,6224.4,7.2,11,22.6,Fastened,No,synthetic,CAT 325,17.2,Gravel,39.6,60.0,America/Chicago,data-001-v1,42
2025-05-07 17:00:00,EXC002,OP2001,6225.0,0.6,0,50.0,Fastened,No,synthetic,CAT 325,25.8,Loam,25.1,60.0,America/Chicago,data-001-v1,42
2025-05-08 06:00:00,EXC001,OP1001,1556.7,5.2,11,26.8,Fastened,No,synthetic,CAT 325,26.9,Loam,21.4,60.0,America/Chicago,data-001-v1,42
2025-05-08 07:00:00,EXC001,OP2001,1557.4,0.5,0,52.0,Fastened,No,synthetic,CAT 325,30.1,Clay,25.1,60.0,America/Chicago,data-001-v1,42
2025-05-08 08:00:00,EXC001,OP1001,1558.2,3.6,6,37.8,Fastened,No,synthetic,CAT 325,21.7,Sand,34.1,60.0,America/Chicago,data-001-v1,42
2025-05-08 09:00:00,EXC001,OP2001,1559.0,6.1,10,28.2,Fastened,No,synthetic,CAT 325,29.4,Loam,33.6,60.0,America/Chicago,data-001-v1,42
2025-05-08 10:00:00,EXC001,OP1001,1559.9,6.1,15,12.5,Unfastened,Yes,synthetic,CAT 325,28.2,Sand,31.4,60.0,America/Chicago,data-001-v1,42
2025-05-08 11:00:00,EXC001,OP2001,1560.8,7.8,17,14.2,Unfastened,Yes,synthetic,CAT 325,25.9,Sand,13.3,60.0,America/Chicago,data-001-v1,42
2025-05-08 12:00:00,EXC001,OP1001,1561.4,4.8,6,36.1,Fastened,No,synthetic,CAT 325,18.2,Sand,24.7,60.0,America/Chicago,data-001-v1,42
2025-05-08 13:00:00,EXC001,OP2001,1562.3,8.4,15,10.6,Fastened,No,synthetic,CAT 325,9.1,Sand,34.0,60.0,America/Chicago,data-001-v1,42
2025-05-08 14:00:00,EXC001,OP1001,1563.0,5.5,10,30.3,Fastened,No,synthetic,CAT 325,20.9,Gravel,9.1,60.0,America/Chicago,data-001-v1,42
2025-05-08 15:00:00,EXC001,OP2001,1563.7,0.5,0,45.1,Fastened,No,synthetic,CAT 325,13.4,Sand,6.8,60.0,America/Chicago,data-001-v1,42
2025-05-08 16:00:00,EXC001,OP1001,1564.3,0.8,0,54.5,Fastened,No,synthetic,CAT 325,18.1,Loam,43.4,60.0,America/Chicago,data-001-v1,42
2025-05-08 17:00:00,EXC001,OP2001,1565.0,6.5,8,33.1,Fastened,No,synthetic,CAT 325,10.4,Loam,6.1,60.0,America/Chicago,data-001-v1,42
2025-05-08 06:00:00,EXC002,OP1001,6225.6,5.8,9,30.1,Fastened,No,synthetic,CAT 325,18.2,Loam,31.0,60.0,America/Chicago,data-001-v1,42
2025-05-08 07:00:00,EXC002,OP2001,6226.3,4.6,8,33.1,Fastened,No,synthetic,CAT 325,13.1,Sand,22.7,60.0,America/Chicago,data-001-v1,42
2025-05-08 08:00:00,EXC002,OP1001,6226.9,5.0,5,43.1,Fastened,No,synthetic,CAT 325,13.3,Loam,24.5,60.0,America/Chicago,data-001-v1,42
2025-05-08 09:00:00,EXC002,OP2001,6227.7,6.7,13,18.7,Fastened,No,synthetic,CAT 325,28.5,Loam,49.6,60.0,America/Chicago,data-001-v1,42
2025-05-08 10:00:00,EXC002,OP1001,6228.5,8.4,18,5.3,Fastened,No,synthetic,CAT 325,11.7,Gravel,28.6,60.0,America/Chicago,data-001-v1,42
2025-05-08 11:00:00,EXC002,OP2001,6229.3,4.3,8,35.8,Fastened,No,synthetic,CAT 325,11.6,Clay,53.1,60.0,America/Chicago,data-001-v1,42
2025-05-08 12:00:00,EXC002,OP1001,6230.1,5.1,9,30.2,Fastened,No,synthetic,CAT 325,14.9,Loam,27.2,60.0,America/Chicago,data-001-v1,42
2025-05-08 13:00:00,EXC002,OP2001,6230.8,0.5,0,52.0,Fastened,No,synthetic,CAT 325,21.9,Clay,23.6,60.0,America/Chicago,data-001-v1,42
2025-05-08 14:00:00,EXC002,OP1001,6231.6,7.5,17,8.1,Fastened,No,synthetic,CAT 325,28.3,Loam,23.4,60.0,America/Chicago,data-001-v1,42
2025-05-08 15:00:00,EXC002,OP2001,6232.3,5.8,11,22.5,Fastened,No,synthetic,CAT 325,26.8,Clay,21.5,60.0,America/Chicago,data-001-v1,42
2025-05-08 16:00:00,EXC002,OP1001,6233.1,5.0,9,39.3,Fastened,No,synthetic,CAT 325,24.3,Loam,7.6,60.0,America/Chicago,data-001-v1,42
2025-05-08 17:00:00,EXC002,OP2001,6233.9,9.0,18,4.3,Fastened,No,synthetic,CAT 325,17.1,Clay,46.2,60.0,America/Chicago,data-001-v1,42
2025-05-09 06:00:00,EXC001,OP1001,1565.7,6.2,13,17.7,Fastened,No,synthetic,CAT 325,28.4,Loam,29.0,60.0,America/Chicago,data-001-v1,42
2025-05-09 07:00:00,EXC001,OP2001,1566.4,8.8,16,13.5,Fastened,No,synthetic,CAT 325,9.4,Loam,27.5,60.0,America/Chicago,data-001-v1,42
2025-05-09 08:00:00,EXC001,OP1001,1567.1,6.1,13,22.5,Fastened,No,synthetic,CAT 325,10.9,Sand,7.3,60.0,America/Chicago,data-001-v1,42
2025-05-09 09:00:00,EXC001,OP2001,1567.7,3.1,5,38.7,Fastened,No,synthetic,CAT 325,14.4,Loam,53.7,60.0,America/Chicago,data-001-v1,42
2025-05-09 10:00:00,EXC001,OP1001,1568.5,4.1,8,32.0,Fastened,No,synthetic,CAT 325,16.2,Sand,36.5,60.0,America/Chicago,data-001-v1,42
2025-05-09 11:00:00,EXC001,OP2001,1569.2,6.9,14,14.2,Fastened,No,synthetic,CAT 325,18.7,Loam,51.2,60.0,America/Chicago,data-001-v1,42
2025-05-09 12:00:00,EXC001,OP1001,1569.8,0.6,0,52.4,Fastened,No,synthetic,CAT 325,13.0,Clay,42.5,60.0,America/Chicago,data-001-v1,42
2025-05-09 13:00:00,EXC001,OP2001,1570.5,4.1,6,42.4,Fastened,No,synthetic,CAT 325,10.0,Sand,64.5,60.0,America/Chicago,data-001-v1,42
2025-05-09 14:00:00,EXC001,OP1001,1571.3,2.7,4,39.7,Unfastened,Yes,synthetic,CAT 325,14.7,Loam,11.4,60.0,America/Chicago,data-001-v1,42
2025-05-09 15:00:00,EXC001,OP2001,1572.2,6.4,16,12.9,Fastened,No,synthetic,CAT 325,19.9,Sand,28.0,60.0,America/Chicago,data-001-v1,42
2025-05-09 16:00:00,EXC001,OP1001,1573.0,6.0,8,34.4,Fastened,No,synthetic,CAT 325,10.0,Gravel,47.8,60.0,America/Chicago,data-001-v1,42
2025-05-09 17:00:00,EXC001,OP2001,1573.7,3.7,6,41.0,Fastened,No,synthetic,CAT 325,23.8,Loam,49.1,60.0,America/Chicago,data-001-v1,42
2025-05-09 06:00:00,EXC002,OP1001,6234.5,5.4,9,36.1,Fastened,No,synthetic,CAT 325,7.4,Sand,33.5,60.0,America/Chicago,data-001-v1,42
2025-05-09 07:00:00,EXC002,OP2001,6235.2,6.1,11,25.7,Fastened,No,synthetic,CAT 325,24.2,Loam,46.5,60.0,America/Chicago,data-001-v1,42
2025-05-09 08:00:00,EXC002,OP1001,6235.9,0.7,0,47.5,Fastened,No,synthetic,CAT 325,24.3,Gravel,49.5,60.0,America/Chicago,data-001-v1,42
2025-05-09 09:00:00,EXC002,OP2001,6236.5,6.1,6,40.8,Fastened,No,synthetic,CAT 325,34.4,Clay,26.3,60.0,America/Chicago,data-001-v1,42
2025-05-09 10:00:00,EXC002,OP1001,6237.3,7.0,18,5.7,Fastened,No,synthetic,CAT 325,28.5,Gravel,27.0,60.0,America/Chicago,data-001-v1,42
2025-05-09 11:00:00,EXC002,OP2001,6238.2,7.2,17,6.8,Fastened,No,synthetic,CAT 325,24.4,Sand,30.3,60.0,America/Chicago,data-001-v1,42
2025-05-09 12:00:00,EXC002,OP1001,6238.9,0.7,0,52.3,Fastened,No,synthetic,CAT 325,25.6,Gravel,26.9,60.0,America/Chicago,data-001-v1,42
2025-05-09 13:00:00,EXC002,OP2001,6239.8,7.0,14,20.7,Fastened,No,synthetic,CAT 325,9.4,Gravel,49.1,60.0,America/Chicago,data-001-v1,42
2025-05-09 14:00:00,EXC002,OP1001,6240.6,6.4,13,17.6,Unfastened,Yes,synthetic,CAT 325,20.5,Sand,56.1,60.0,America/Chicago,data-001-v1,42
2025-05-09 15:00:00,EXC002,OP2001,6241.5,6.7,11,21.7,Fastened,No,synthetic,CAT 325,16.7,Loam,65.3,60.0,America/Chicago,data-001-v1,42
2025-05-09 16:00:00,EXC002,OP1001,6242.2,0.9,0,54.3,Fastened,No,synthetic,CAT 325,20.3,Loam,45.6,60.0,America/Chicago,data-001-v1,42
2025-05-09 17:00:00,EXC002,OP2001,6242.9,2.4,3,46.9,Fastened,No,synthetic,CAT 325,16.0,Loam,37.5,60.0,America/Chicago,data-001-v1,42
2025-05-12 06:00:00,EXC001,OP1001,1574.4,7.0,13,15.5,Fastened,No,synthetic,CAT 325,25.0,Loam,60.5,60.0,America/Chicago,data-001-v1,42
2025-05-12 07:00:00,EXC001,OP2001,1575.0,7.4,14,18.1,Fastened,No,synthetic,CAT 325,22.8,Sand,56.5,60.0,America/Chicago,data-001-v1,42
2025-05-12 08:00:00,EXC001,OP1001,1575.8,7.6,12,20.4,Fastened,No,synthetic,CAT 325,22.4,Sand,13.2,60.0,America/Chicago,data-001-v1,42
2025-05-12 09:00:00,EXC001,OP2001,1576.7,7.9,17,2.2,Unfastened,Yes,synthetic,CAT 325,9.8,Loam,20.1,60.0,America/Chicago,data-001-v1,42
2025-05-12 10:00:00,EXC001,OP1001,1577.3,0.8,0,52.9,Fastened,No,synthetic,CAT 325,11.1,Sand,52.0,60.0,America/Chicago,data-001-v1,42
2025-05-12 11:00:00,EXC001,OP2001,1578.0,4.2,3,46.9,Fastened,No,synthetic,CAT 325,26.9,Clay,55.3,60.0,America/Chicago,data-001-v1,42
2025-05-12 12:00:00,EXC001,OP1001,1578.8,6.9,15,20.9,Fastened,No,synthetic,CAT 325,20.3,Loam,27.9,60.0,America/Chicago,data-001-v1,42
2025-05-12 13:00:00,EXC001,OP2001,1579.7,6.1,10,21.9,Fastened,No,synthetic,CAT 325,25.8,Loam,46.3,60.0,America/Chicago,data-001-v1,42
2025-05-12 14:00:00,EXC001,OP1001,1580.2,0.9,0,54.2,Fastened,No,synthetic,CAT 325,23.9,Sand,32.8,60.0,America/Chicago,data-001-v1,42
2025-05-12 15:00:00,EXC001,OP2001,1580.9,4.8,10,26.2,Fastened,No,synthetic,CAT 325,29.4,Clay,26.2,60.0,America/Chicago,data-001-v1,42
2025-05-12 16:00:00,EXC001,OP1001,1581.6,5.0,6,37.9,Fastened,No,synthetic,CAT 325,16.5,Loam,49.6,60.0,America/Chicago,data-001-v1,42
2025-05-12 17:00:00,EXC001,OP2001,1582.2,5.4,13,20.3,Fastened,No,synthetic,CAT 325,21.5,Loam,41.9,60.0,America/Chicago,data-001-v1,42
2025-05-12 06:00:00,EXC002,OP1001,6243.7,8.2,18,0.0,Fastened,No,synthetic,CAT 325,19.7,Gravel,10.6,60.0,America/Chicago,data-001-v1,42
2025-05-12 07:00:00,EXC002,OP2001,6244.4,1.0,0,50.2,Fastened,No,synthetic,CAT 325,24.9,Gravel,25.6,60.0,America/Chicago,data-001-v1,42
2025-05-12 08:00:00,EXC002,OP1001,6245.0,7.5,12,22.0,Fastened,No,synthetic,CAT 325,20.9,Sand,45.4,60.0,America/Chicago,data-001-v1,42
2025-05-12 09:00:00,EXC002,OP2001,6245.9,7.0,13,21.1,Fastened,No,synthetic,CAT 325,18.3,Clay,56.4,60.0,America/Chicago,data-001-v1,42
2025-05-12 10:00:00,EXC002,OP1001,6246.8,6.3,16,9.3,Fastened,No,synthetic,CAT 325,26.2,Sand,46.8,60.0,America/Chicago,data-001-v1,42
2025-05-12 11:00:00,EXC002,OP2001,6247.6,3.9,3,40.9,Fastened,No,synthetic,CAT 325,15.9,Loam,35.3,60.0,America/Chicago,data-001-v1,42
2025-05-12 12:00:00,EXC002,OP1001,6248.3,4.1,6,32.1,Fastened,No,synthetic,CAT 325,21.6,Sand,42.1,60.0,America/Chicago,data-001-v1,42
2025-05-12 13:00:00,EXC002,OP2001,6249.1,8.2,15,9.5,Fastened,No,synthetic,CAT 325,17.9,Sand,37.8,60.0,America/Chicago,data-001-v1,42
2025-05-12 14:00:00,EXC002,OP1001,6249.9,6.0,10,28.3,Fastened,No,synthetic,CAT 325,18.8,Sand,40.3,60.0,America/Chicago,data-001-v1,42
2025-05-12 15:00:00,EXC002,OP2001,6250.7,7.0,13,15.7,Fastened,No,synthetic,CAT 325,21.5,Loam,7.5,60.0,America/Chicago,data-001-v1,42
2025-05-12 16:00:00,EXC002,OP1001,6251.4,7.2,11,26.8,Fastened,No,synthetic,CAT 325,20.9,Sand,17.6,60.0,America/Chicago,data-001-v1,42
2025-05-12 17:00:00,EXC002,OP2001,6252.2,6.8,12,19.9,Fastened,No,synthetic,CAT 325,11.1,Gravel,20.4,60.0,America/Chicago,data-001-v1,42
2025-05-13 06:00:00,EXC001,OP1001,1582.8,3.8,3,48.2,Fastened,No,synthetic,CAT 325,13.9,Clay,5.7,60.0,America/Chicago,data-001-v1,42
2025-05-13 07:00:00,EXC001,OP2001,1583.7,7.7,18,11.8,Fastened,No,synthetic,CAT 325,26.8,Clay,30.5,60.0,America/Chicago,data-001-v1,42
2025-05-13 08:00:00,EXC001,OP1001,1584.6,6.7,17,4.1,Fastened,No,synthetic,CAT 325,7.5,Loam,31.2,60.0,America/Chicago,data-001-v1,42
2025-05-13 09:00:00,EXC001,OP2001,1585.2,4.4,4,43.1,Fastened,No,synthetic,CAT 325,18.7,Loam,21.3,60.0,America/Chicago,data-001-v1,42
2025-05-13 10:00:00,EXC001,OP1001,1586.0,4.7,4,40.7,Fastened,No,synthetic,CAT 325,23.0,Sand,45.0,60.0,America/Chicago,data-001-v1,42
2025-05-13 11:00:00,EXC001,OP2001,1586.6,6.6,9,34.1,Fastened,No,synthetic,CAT 325,20.4,Sand,34.7,60.0,America/Chicago,data-001-v1,42
2025-05-13 12:00:00,EXC001,OP1001,1587.4,4.1,9,27.6,Fastened,No,synthetic,CAT 325,12.6,Gravel,60.9,60.0,America/Chicago,data-001-v1,42
2025-05-13 13:00:00,EXC001,OP2001,1588.1,0.7,0,53.7,Fastened,No,synthetic,CAT 325,26.1,Gravel,43.2,60.0,America/Chicago,data-001-v1,42
2025-05-13 14:00:00,EXC001,OP1001,1588.7,6.0,8,37.6,Fastened,Yes,synthetic,CAT 325,15.2,Loam,42.1,60.0,America/Chicago,data-001-v1,42
2025-05-13 15:00:00,EXC001,OP2001,1589.3,5.0,4,49.9,Unfastened,Yes,synthetic,CAT 325,22.1,Loam,60.8,60.0,America/Chicago,data-001-v1,42
2025-05-13 16:00:00,EXC001,OP1001,1590.1,6.8,12,17.7,Unfastened,Yes,synthetic,CAT 325,24.3,Loam,41.6,60.0,America/Chicago,data-001-v1,42
2025-05-13 17:00:00,EXC001,OP2001,1591.0,6.6,15,8.8,Fastened,No,synthetic,CAT 325,12.3,Sand,9.5,60.0,America/Chicago,data-001-v1,42
2025-05-13 06:00:00,EXC002,OP1001,6253.0,7.0,12,18.9,Fastened,No,synthetic,CAT 325,18.7,Loam,41.3,60.0,America/Chicago,data-001-v1,42
2025-05-13 07:00:00,EXC002,OP2001,6253.7,4.9,10,33.9,Fastened,No,synthetic,CAT 325,16.6,Clay,31.2,60.0,America/Chicago,data-001-v1,42
2025-05-13 08:00:00,EXC002,OP1001,6254.4,5.5,12,17.0,Fastened,No,synthetic,CAT 325,16.4,Loam,49.7,60.0,America/Chicago,data-001-v1,42
2025-05-13 09:00:00,EXC002,OP2001,6255.1,5.2,8,33.1,Fastened,No,synthetic,CAT 325,25.6,Sand,40.9,60.0,America/Chicago,data-001-v1,42
2025-05-13 10:00:00,EXC002,OP1001,6255.8,7.3,16,8.1,Fastened,No,synthetic,CAT 325,27.1,Gravel,42.8,60.0,America/Chicago,data-001-v1,42
2025-05-13 11:00:00,EXC002,OP2001,6256.5,8.7,18,6.7,Fastened,No,synthetic,CAT 325,22.1,Clay,17.7,60.0,America/Chicago,data-001-v1,42
2025-05-13 12:00:00,EXC002,OP1001,6257.3,7.0,16,10.8,Fastened,No,synthetic,CAT 325,15.3,Loam,37.6,60.0,America/Chicago,data-001-v1,42
2025-05-13 13:00:00,EXC002,OP2001,6258.0,6.1,9,33.3,Fastened,No,synthetic,CAT 325,14.0,Clay,19.7,60.0,America/Chicago,data-001-v1,42
2025-05-13 14:00:00,EXC002,OP1001,6258.7,4.9,11,26.1,Fastened,No,synthetic,CAT 325,25.1,Sand,16.6,60.0,America/Chicago,data-001-v1,42
2025-05-13 15:00:00,EXC002,OP2001,6259.3,6.3,12,25.1,Unfastened,Yes,synthetic,CAT 325,24.9,Clay,26.4,60.0,America/Chicago,data-001-v1,42
2025-05-13 16:00:00,EXC002,OP1001,6260.1,5.1,3,47.3,Fastened,No,synthetic,CAT 325,26.5,Sand,33.2,60.0,America/Chicago,data-001-v1,42
2025-05-13 17:00:00,EXC002,OP2001,6260.8,0.9,0,49.5,Fastened,No,synthetic,CAT 325,17.5,Loam,9.3,60.0,America/Chicago,data-001-v1,42
2025-05-14 06:00:00,EXC001,OP1001,1591.8,7.1,17,4.4,Fastened,No,synthetic,CAT 325,19.7,Loam,67.7,60.0,America/Chicago,data-001-v1,42
2025-05-14 07:00:00,EXC001,OP2001,1592.4,3.5,3,52.6,Fastened,No,synthetic,CAT 325,20.7,Loam,37.2,60.0,America/Chicago,data-001-v1,42
2025-05-14 08:00:00,EXC001,OP1001,1593.0,2.7,3,44.7,Fastened,No,synthetic,CAT 325,18.2,Gravel,5.3,60.0,America/Chicago,data-001-v1,42
2025-05-14 09:00:00,EXC001,OP2001,1593.8,8.3,18,3.6,Fastened,No,synthetic,CAT 325,23.7,Clay,43.0,60.0,America/Chicago,data-001-v1,42
2025-05-14 10:00:00,EXC001,OP1001,1594.3,0.6,0,52.3,Fastened,No,synthetic,CAT 325,8.3,Sand,34.4,60.0,America/Chicago,data-001-v1,42
2025-05-14 11:00:00,EXC001,OP2001,1595.1,6.4,12,25.7,Fastened,No,synthetic,CAT 325,18.3,Gravel,47.2,60.0,America/Chicago,data-001-v1,42
2025-05-14 12:00:00,EXC001,OP1001,1595.9,7.7,15,12.0,Fastened,No,synthetic,CAT 325,18.9,Loam,41.2,60.0,America/Chicago,data-001-v1,42
2025-05-14 13:00:00,EXC001,OP2001,1596.5,6.1,15,15.3,Unfastened,Yes,synthetic,CAT 325,30.3,Gravel,6.1,60.0,America/Chicago,data-001-v1,42
2025-05-14 14:00:00,EXC001,OP1001,1597.1,5.4,7,39.9,Fastened,No,synthetic,CAT 325,17.3,Loam,51.4,60.0,America/Chicago,data-001-v1,42
2025-05-14 15:00:00,EXC001,OP2001,1598.0,4.8,11,23.7,Fastened,No,synthetic,CAT 325,19.2,Sand,5.9,60.0,America/Chicago,data-001-v1,42
2025-05-14 16:00:00,EXC001,OP1001,1598.8,6.6,11,26.5,Fastened,No,synthetic,CAT 325,19.7,Loam,49.0,60.0,America/Chicago,data-001-v1,42
2025-05-14 17:00:00,EXC001,OP2001,1599.4,3.3,3,48.2,Fastened,No,synthetic,CAT 325,16.0,Sand,28.8,60.0,America/Chicago,data-001-v1,42
2025-05-14 06:00:00,EXC002,OP1001,6261.6,5.6,7,40.5,Fastened,No,synthetic,CAT 325,33.3,Loam,35.1,60.0,America/Chicago,data-001-v1,42
2025-05-14 07:00:00,EXC002,OP2001,6262.2,0.8,0,48.1,Fastened,No,synthetic,CAT 325,18.0,Clay,12.8,60.0,America/Chicago,data-001-v1,42
2025-05-14 08:00:00,EXC002,OP1001,6262.9,6.5,15,14.4,Fastened,No,synthetic,CAT 325,22.4,Loam,41.5,60.0,America/Chicago,data-001-v1,42
2025-05-14 09:00:00,EXC002,OP2001,6263.5,0.7,0,47.2,Fastened,No,synthetic,CAT 325,25.2,Loam,7.9,60.0,America/Chicago,data-001-v1,42
2025-05-14 10:00:00,EXC002,OP1001,6264.2,3.2,4,42.6,Fastened,No,synthetic,CAT 325,20.9,Clay,48.2,60.0,America/Chicago,data-001-v1,42
2025-05-14 11:00:00,EXC002,OP2001,6264.9,0.6,0,50.2,Fastened,No,synthetic,CAT 325,24.4,Clay,31.7,60.0,America/Chicago,data-001-v1,42
2025-05-14 12:00:00,EXC002,OP1001,6265.7,5.2,6,33.8,Fastened,No,synthetic,CAT 325,28.1,Loam,50.9,60.0,America/Chicago,data-001-v1,42
2025-05-14 13:00:00,EXC002,OP2001,6266.6,7.6,16,9.9,Fastened,No,synthetic,CAT 325,24.0,Loam,27.4,60.0,America/Chicago,data-001-v1,42
2025-05-14 14:00:00,EXC002,OP1001,6267.1,1.0,0,54.1,Fastened,No,synthetic,CAT 325,21.4,Clay,18.8,60.0,America/Chicago,data-001-v1,42
2025-05-14 15:00:00,EXC002,OP2001,6267.9,7.6,15,10.8,Fastened,No,synthetic,CAT 325,24.4,Loam,20.3,60.0,America/Chicago,data-001-v1,42
2025-05-14 16:00:00,EXC002,OP1001,6268.6,0.6,0,54.4,Fastened,No,synthetic,CAT 325,27.0,Sand,44.3,60.0,America/Chicago,data-001-v1,42
2025-05-14 17:00:00,EXC002,OP2001,6269.3,3.0,4,40.9,Fastened,No,synthetic,CAT 325,20.7,Gravel,51.5,60.0,America/Chicago,data-001-v1,42
2025-05-15 06:00:00,EXC001,OP1001,1600.0,4.8,8,34.2,Fastened,No,synthetic,CAT 325,15.0,Loam,42.9,60.0,America/Chicago,data-001-v1,42
2025-05-15 07:00:00,EXC001,OP2001,1600.6,4.5,7,32.8,Fastened,No,synthetic,CAT 325,14.7,Gravel,60.5,60.0,America/Chicago,data-001-v1,42
2025-05-15 08:00:00,EXC001,OP1001,1601.3,7.0,10,27.9,Fastened,No,synthetic,CAT 325,16.9,Sand,31.0,60.0,America/Chicago,data-001-v1,42
2025-05-15 09:00:00,EXC001,OP2001,1602.0,4.8,10,25.3,Fastened,No,synthetic,CAT 325,20.2,Loam,48.9,60.0,America/Chicago,data-001-v1,42
2025-05-15 10:00:00,EXC001,OP1001,1602.7,8.3,16,11.0,Fastened,No,synthetic,CAT 325,19.0,Clay,42.6,60.0,America/Chicago,data-001-v1,42
2025-05-15 11:00:00,EXC001,OP2001,1603.3,5.3,10,26.6,Fastened,No,synthetic,CAT 325,25.2,Clay,18.0,60.0,America/Chicago,data-001-v1,42
2025-05-15 12:00:00,EXC001,OP1001,1603.8,4.3,3,47.2,Unfastened,No,synthetic,CAT 325,17.3,Clay,51.6,60.0,America/Chicago,data-001-v1,42
2025-05-15 13:00:00,EXC001,OP2001,1604.6,3.6,5,36.0,Fastened,No,synthetic,CAT 325,31.1,Gravel,68.4,60.0,America/Chicago,data-001-v1,42
2025-05-15 14:00:00,EXC001,OP1001,1605.4,6.5,9,23.4,Fastened,No,synthetic,CAT 325,11.3,Clay,27.3,60.0,America/Chicago,data-001-v1,42
2025-05-15 15:00:00,EXC001,OP2001,1606.2,4.2,7,30.0,Fastened,No,synthetic,CAT 325,17.0,Gravel,12.6,60.0,America/Chicago,data-001-v1,42
2025-05-15 16:00:00,EXC001,OP1001,1606.9,7.3,16,13.9,Fastened,No,synthetic,CAT 325,19.5,Clay,23.4,60.0,America/Chicago,data-001-v1,42
2025-05-15 17:00:00,EXC001,OP2001,1607.6,6.4,11,20.2,Fastened,No,synthetic,CAT 325,5.1,Gravel,35.8,60.0,America/Chicago,data-001-v1,42
2025-05-15 06:00:00,EXC002,OP1001,6270.0,0.9,0,47.3,Fastened,No,synthetic,CAT 325,12.1,Sand,6.9,60.0,America/Chicago,data-001-v1,42
2025-05-15 07:00:00,EXC002,OP2001,6270.8,8.2,16,9.3,Fastened,No,synthetic,CAT 325,24.8,Sand,51.4,60.0,America/Chicago,data-001-v1,42
2025-05-15 08:00:00,EXC002,OP1001,6271.4,5.2,6,41.4,Fastened,No,synthetic,CAT 325,20.8,Sand,47.5,60.0,America/Chicago,data-001-v1,42
2025-05-15 09:00:00,EXC002,OP2001,6272.1,0.7,0,50.7,Fastened,No,synthetic,CAT 325,28.4,Sand,27.3,60.0,America/Chicago,data-001-v1,42
2025-05-15 10:00:00,EXC002,OP1001,6272.6,0.9,0,47.3,Fastened,No,synthetic,CAT 325,29.1,Clay,22.3,60.0,America/Chicago,data-001-v1,42
2025-05-15 11:00:00,EXC002,OP2001,6273.5,8.2,16,16.4,Fastened,No,synthetic,CAT 325,22.3,Sand,28.4,60.0,America/Chicago,data-001-v1,42
2025-05-15 12:00:00,EXC002,OP1001,6274.3,7.2,15,11.2,Unfastened,Yes,synthetic,CAT 325,30.4,Gravel,48.5,60.0,America/Chicago,data-001-v1,42
2025-05-15 13:00:00,EXC002,OP2001,6275.1,5.2,6,38.8,Fastened,No,synthetic,CAT 325,19.2,Loam,28.4,60.0,America/Chicago,data-001-v1,42
2025-05-15 14:00:00,EXC002,OP1001,6275.9,3.5,3,45.6,Fastened,No,synthetic,CAT 325,26.0,Sand,45.2,60.0,America/Chicago,data-001-v1,42
2025-05-15 15:00:00,EXC002,OP2001,6276.5,3.9,5,37.4,Fastened,No,synthetic,CAT 325,25.2,Clay,24.6,60.0,America/Chicago,data-001-v1,42
2025-05-15 16:00:00,EXC002,OP1001,6277.1,1.0,0,45.4,Fastened,No,synthetic,CAT 325,29.3,Sand,13.3,60.0,America/Chicago,data-001-v1,42
2025-05-15 17:00:00,EXC002,OP2001,6277.9,6.3,10,25.0,Unfastened,Yes,synthetic,CAT 325,24.7,Clay,53.0,60.0,America/Chicago,data-001-v1,42
2025-05-16 06:00:00,EXC001,OP1001,1608.3,0.7,0,45.7,Fastened,No,synthetic,CAT 325,17.3,Loam,44.9,60.0,America/Chicago,data-001-v1,42
2025-05-16 07:00:00,EXC001,OP2001,1609.2,6.0,13,16.0,Fastened,No,synthetic,CAT 325,8.7,Clay,52.6,60.0,America/Chicago,data-001-v1,42
2025-05-16 08:00:00,EXC001,OP1001,1609.9,6.3,16,8.2,Fastened,No,synthetic,CAT 325,20.4,Sand,37.3,60.0,America/Chicago,data-001-v1,42
2025-05-16 09:00:00,EXC001,OP2001,1610.7,4.9,10,31.4,Unfastened,Yes,synthetic,CAT 325,15.6,Clay,22.1,60.0,America/Chicago,data-001-v1,42
2025-05-16 10:00:00,EXC001,OP1001,1611.6,6.8,17,9.5,Fastened,No,synthetic,CAT 325,27.6,Gravel,67.4,60.0,America/Chicago,data-001-v1,42
2025-05-16 11:00:00,EXC001,OP2001,1612.3,7.7,14,14.2,Fastened,No,synthetic,CAT 325,25.7,Sand,26.9,60.0,America/Chicago,data-001-v1,42
2025-05-16 12:00:00,EXC001,OP1001,1613.0,6.0,14,10.1,Fastened,No,synthetic,CAT 325,23.0,Gravel,26.7,60.0,America/Chicago,data-001-v1,42
2025-05-16 13:00:00,EXC001,OP2001,1613.6,5.6,7,31.9,Fastened,No,synthetic,CAT 325,21.3,Gravel,40.8,60.0,America/Chicago,data-001-v1,42
2025-05-16 14:00:00,EXC001,OP1001,1614.2,5.1,9,34.9,Fastened,No,synthetic,CAT 325,29.1,Sand,24.8,60.0,America/Chicago,data-001-v1,42
2025-05-16 15:00:00,EXC001,OP2001,1614.9,8.5,16,8.9,Fastened,No,synthetic,CAT 325,21.1,Sand,43.8,60.0,America/Chicago,data-001-v1,42
2025-05-16 16:00:00,EXC001,OP1001,1615.5,4.7,9,35.4,Fastened,No,synthetic,CAT 325,29.3,Sand,40.3,60.0,America/Chicago,data-001-v1,42
2025-05-16 17:00:00,EXC001,OP2001,1616.4,7.1,17,8.0,Fastened,No,synthetic,CAT 325,19.5,Loam,24.8,60.0,America/Chicago,data-001-v1,42
2025-05-16 06:00:00,EXC002,OP1001,6278.5,5.4,4,50.3,Unfastened,No,synthetic,CAT 325,12.0,Loam,34.3,60.0,America/Chicago,data-001-v1,42
2025-05-16 07:00:00,EXC002,OP2001,6279.2,0.7,0,47.1,Fastened,No,synthetic,CAT 325,10.7,Loam,41.5,60.0,America/Chicago,data-001-v1,42
2025-05-16 08:00:00,EXC002,OP1001,6280.0,7.4,12,24.6,Fastened,No,synthetic,CAT 325,19.3,Loam,28.2,60.0,America/Chicago,data-001-v1,42
2025-05-16 09:00:00,EXC002,OP2001,6280.8,5.8,12,20.2,Unfastened,Yes,synthetic,CAT 325,24.1,Loam,24.4,60.0,America/Chicago,data-001-v1,42
2025-05-16 10:00:00,EXC002,OP1001,6281.4,0.7,0,47.6,Fastened,No,synthetic,CAT 325,21.2,Sand,51.1,60.0,America/Chicago,data-001-v1,42
2025-05-16 11:00:00,EXC002,OP2001,6282.1,6.8,11,24.4,Unfastened,Yes,synthetic,CAT 325,26.1,Clay,35.9,60.0,America/Chicago,data-001-v1,42
2025-05-16 12:00:00,EXC002,OP1001,6282.8,1.0,0,47.0,Fastened,No,synthetic,CAT 325,22.5,Clay,7.2,60.0,America/Chicago,data-001-v1,42
2025-05-16 13:00:00,EXC002,OP2001,6283.5,6.8,14,17.4,Fastened,No,synthetic,CAT 325,18.3,Clay,46.4,60.0,America/Chicago,data-001-v1,42
2025-05-16 14:00:00,EXC002,OP1001,6284.2,5.8,10,28.2,Unfastened,Yes,synthetic,CAT 325,16.1,Loam,5.5,60.0,America/Chicago,data-001-v1,42
2025-05-16 15:00:00,EXC002,OP2001,6285.0,5.9,10,24.4,Fastened,No,synthetic,CAT 325,25.8,Sand,57.6,60.0,America/Chicago,data-001-v1,42
2025-05-16 16:00:00,EXC002,OP1001,6285.6,5.3,4,50.2,Fastened,No,synthetic,CAT 325,17.7,Clay,43.7,60.0,America/Chicago,data-001-v1,42
2025-05-16 17:00:00,EXC002,OP2001,6286.2,3.8,4,46.2,Fastened,No,synthetic,CAT 325,25.0,Clay,17.0,60.0,America/Chicago,data-001-v1,42
2025-05-19 06:00:00,EXC001,OP1001,1617.3,8.6,17,3.2,Fastened,No,synthetic,CAT 325,12.2,Gravel,17.6,60.0,America/Chicago,data-001-v1,42
2025-05-19 07:00:00,EXC001,OP2001,1617.9,4.9,11,26.6,Fastened,No,synthetic,CAT 325,19.5,Loam,6.7,60.0,America/Chicago,data-001-v1,42
2025-05-19 08:00:00,EXC001,OP1001,1618.7,5.5,13,23.7,Fastened,No,synthetic,CAT 325,14.7,Sand,34.2,60.0,America/Chicago,data-001-v1,42
2025-05-19 09:00:00,EXC001,OP2001,1619.5,0.6,0,46.3,Fastened,No,synthetic,CAT 325,22.7,Loam,46.6,60.0,America/Chicago,data-001-v1,42
2025-05-19 10:00:00,EXC001,OP1001,1620.1,4.3,4,43.4,Fastened,No,synthetic,CAT 325,26.4,Sand,38.6,60.0,America/Chicago,data-001-v1,42
2025-05-19 11:00:00,EXC001,OP2001,1621.0,8.9,16,11.1,Fastened,No,synthetic,CAT 325,21.2,Loam,6.5,60.0,America/Chicago,data-001-v1,42
2025-05-19 12:00:00,EXC001,OP1001,1621.9,6.8,15,12.6,Fastened,No,synthetic,CAT 325,26.0,Clay,70.0,60.0,America/Chicago,data-001-v1,42
2025-05-19 13:00:00,EXC001,OP2001,1622.6,6.8,13,14.5,Fastened,No,synthetic,CAT 325,15.3,Clay,59.9,60.0,America/Chicago,data-001-v1,42
2025-05-19 14:00:00,EXC001,OP1001,1623.4,5.4,14,15.2,Fastened,No,synthetic,CAT 325,10.7,Clay,24.4,60.0,America/Chicago,data-001-v1,42
2025-05-19 15:00:00,EXC001,OP2001,1624.1,3.9,7,35.8,Fastened,No,synthetic,CAT 325,21.9,Gravel,31.0,60.0,America/Chicago,data-001-v1,42
2025-05-19 16:00:00,EXC001,OP1001,1624.8,6.7,17,9.0,Fastened,No,synthetic,CAT 325,18.5,Clay,67.8,60.0,America/Chicago,data-001-v1,42
2025-05-19 17:00:00,EXC001,OP2001,1625.8,7.8,18,5.8,Fastened,No,synthetic,CAT 325,19.4,Loam,60.2,60.0,America/Chicago,data-001-v1,42
2025-05-19 06:00:00,EXC002,OP1001,6286.8,5.2,7,35.5,Fastened,No,synthetic,CAT 325,2.6,Sand,63.2,60.0,America/Chicago,data-001-v1,42
2025-05-19 07:00:00,EXC002,OP2001,6287.4,0.8,0,54.6,Fastened,No,synthetic,CAT 325,18.2,Clay,22.8,60.0,America/Chicago,data-001-v1,42
2025-05-19 08:00:00,EXC002,OP1001,6288.3,6.9,17,10.0,Fastened,No,synthetic,CAT 325,15.6,Loam,44.0,60.0,America/Chicago,data-001-v1,42
2025-05-19 09:00:00,EXC002,OP2001,6289.1,5.0,11,23.9,Fastened,No,synthetic,CAT 325,16.2,Sand,45.6,60.0,America/Chicago,data-001-v1,42
2025-05-19 10:00:00,EXC002,OP1001,6289.8,7.8,17,5.6,Fastened,No,synthetic,CAT 325,16.5,Sand,66.7,60.0,America/Chicago,data-001-v1,42
2025-05-19 11:00:00,EXC002,OP2001,6290.7,6.1,13,20.4,Fastened,No,synthetic,CAT 325,23.0,Gravel,52.3,60.0,America/Chicago,data-001-v1,42
2025-05-19 12:00:00,EXC002,OP1001,6291.4,7.7,17,7.6,Fastened,No,synthetic,CAT 325,16.5,Loam,5.5,60.0,America/Chicago,data-001-v1,42
2025-05-19 13:00:00,EXC002,OP2001,6292.1,5.4,13,27.2,Fastened,No,synthetic,CAT 325,15.2,Gravel,26.0,60.0,America/Chicago,data-001-v1,42
2025-05-19 14:00:00,EXC002,OP1001,6292.7,0.7,0,52.2,Fastened,No,synthetic,CAT 325,16.2,Gravel,36.0,60.0,America/Chicago,data-001-v1,42
2025-05-19 15:00:00,EXC002,OP2001,6293.3,0.7,0,45.5,Fastened,No,synthetic,CAT 325,20.4,Loam,42.2,60.0,America/Chicago,data-001-v1,42
2025-05-19 16:00:00,EXC002,OP1001,6294.2,7.6,14,15.5,Fastened,No,synthetic,CAT 325,26.1,Clay,6.2,60.0,America/Chicago,data-001-v1,42
2025-05-19 17:00:00,EXC002,OP2001,6295.1,8.5,18,2.8,Fastened,No,synthetic,CAT 325,26.2,Gravel,47.1,60.0,America/Chicago,data-001-v1,42
2025-05-20 06:00:00,EXC001,OP1001,1626.5,0.6,0,50.7,Fastened,No,synthetic,CAT 325,31.1,Clay,14.1,60.0,America/Chicago,data-001-v1,42
2025-05-20 07:00:00,EXC001,OP2001,1627.2,0.8,0,45.0,Fastened,No,synthetic,CAT 325,21.3,Loam,31.3,60.0,America/Chicago,data-001-v1,42
2025-05-20 08:00:00,EXC001,OP1001,1627.9,4.7,4,41.8,Fastened,No,synthetic,CAT 325,12.5,Clay,25.6,60.0,America/Chicago,data-001-v1,42
2025-05-20 09:00:00,EXC001,OP2001,1628.5,2.6,4,51.3,Fastened,No,synthetic,CAT 325,25.4,Loam,13.4,60.0,America/Chicago,data-001-v1,42
2025-05-20 10:00:00,EXC001,OP1001,1629.1,4.3,5,48.9,Fastened,Yes,synthetic,CAT 325,19.5,Sand,24.5,60.0,America/Chicago,data-001-v1,42
2025-05-20 11:00:00,EXC001,OP2001,1629.9,5.8,12,22.2,Fastened,No,synthetic,CAT 325,31.4,Sand,10.2,60.0,America/Chicago,data-001-v1,42
2025-05-20 12:00:00,EXC001,OP1001,1630.5,0.6,0,53.0,Fastened,No,synthetic,CAT 325,20.2,Sand,22.7,60.0,America/Chicago,data-001-v1,42
2025-05-20 13:00:00,EXC001,OP2001,1631.0,4.0,4,48.9,Fastened,No,synthetic,CAT 325,15.4,Sand,42.8,60.0,America/Chicago,data-001-v1,42
2025-05-20 14:00:00,EXC001,OP1001,1631.8,6.5,9,26.4,Fastened,No,synthetic,CAT 325,18.0,Clay,42.7,60.0,America/Chicago,data-001-v1,42
2025-05-20 15:00:00,EXC001,OP2001,1632.6,5.8,10,30.9,Fastened,No,synthetic,CAT 325,12.7,Gravel,6.0,60.0,America/Chicago,data-001-v1,42
2025-05-20 16:00:00,EXC001,OP1001,1633.3,5.0,11,23.2,Fastened,No,synthetic,CAT 325,18.3,Clay,30.3,60.0,America/Chicago,data-001-v1,42
2025-05-20 17:00:00,EXC001,OP2001,1634.2,7.5,17,8.0,Fastened,No,synthetic,CAT 325,24.2,Gravel,13.1,60.0,America/Chicago,data-001-v1,42
2025-05-20 06:00:00,EXC002,OP1001,6295.8,4.0,3,43.5,Fastened,No,synthetic,CAT 325,18.8,Loam,37.0,60.0,America/Chicago,data-001-v1,42
2025-05-20 07:00:00,EXC002,OP2001,6296.5,4.6,9,30.2,Fastened,No,synthetic,CAT 325,18.7,Gravel,31.3,60.0,America/Chicago,data-001-v1,42
2025-05-20 08:00:00,EXC002,OP1001,6297.2,7.3,16,8.0,Fastened,No,synthetic,CAT 325,24.2,Loam,55.1,60.0,America/Chicago,data-001-v1,42
2025-05-20 09:00:00,EXC002,OP2001,6298.0,8.3,17,7.9,Fastened,No,synthetic,CAT 325,21.4,Sand,18.4,60.0,America/Chicago,data-001-v1,42
2025-05-20 10:00:00,EXC002,OP1001,6298.6,2.5,3,47.1,Fastened,No,synthetic,CAT 325,21.8,Loam,28.5,60.0,America/Chicago,data-001-v1,42
2025-05-20 11:00:00,EXC002,OP2001,6299.4,3.7,7,37.4,Fastened,No,synthetic,CAT 325,16.8,Clay,27.7,60.0,America/Chicago,data-001-v1,42
2025-05-20 12:00:00,EXC002,OP1001,6300.0,0.8,0,45.8,Fastened,No,synthetic,CAT 325,21.3,Clay,36.7,60.0,America/Chicago,data-001-v1,42
2025-05-20 13:00:00,EXC002,OP2001,6300.8,3.3,4,40.5,Fastened,No,synthetic,CAT 325,14.9,Loam,43.9,60.0,America/Chicago,data-001-v1,42
2025-05-20 14:00:00,EXC002,OP1001,6301.5,7.4,18,11.2,Unfastened,Yes,synthetic,CAT 325,28.3,Sand,14.2,60.0,America/Chicago,data-001-v1,42
2025-05-20 15:00:00,EXC002,OP2001,6302.3,6.1,13,20.0,Fastened,No,synthetic,CAT 325,24.0,Loam,30.2,60.0,America/Chicago,data-001-v1,42
2025-05-20 16:00:00,EXC002,OP1001,6302.9,0.7,0,51.2,Fastened,No,synthetic,CAT 325,14.4,Clay,48.2,60.0,America/Chicago,data-001-v1,42
2025-05-20 17:00:00,EXC002,OP2001,6303.6,7.3,17,8.8,Fastened,No,synthetic,CAT 325,16.3,Loam,10.0,60.0,America/Chicago,data-001-v1,42
2025-05-21 06:00:00,EXC001,OP1001,1635.0,4.2,4,42.3,Fastened,No,synthetic,CAT 325,17.4,Sand,45.9,60.0,America/Chicago,data-001-v1,42
2025-05-21 07:00:00,EXC001,OP2001,1635.6,3.8,5,37.9,Unfastened,Yes,synthetic,CAT 325,21.2,Gravel,61.5,60.0,America/Chicago,data-001-v1,42
2025-05-21 08:00:00,EXC001,OP1001,1636.2,4.5,6,35.4,Fastened,No,synthetic,CAT 325,21.5,Sand,43.8,60.0,America/Chicago,data-001-v1,42
2025-05-21 09:00:00,EXC001,OP2001,1636.9,7.2,11,24.9,Fastened,No,synthetic,CAT 325,15.2,Loam,33.2,60.0,America/Chicago,data-001-v1,42
2025-05-21 10:00:00,EXC001,OP1001,1637.6,6.1,10,31.8,Fastened,No,synthetic,CAT 325,25.6,Loam,28.9,60.0,America/Chicago,data-001-v1,42
2025-05-21 11:00:00,EXC001,OP2001,1638.3,4.5,5,37.6,Fastened,Yes,synthetic,CAT 325,25.5,Clay,25.2,60.0,America/Chicago,data-001-v1,42
2025-05-21 12:00:00,EXC001,OP1001,1639.0,5.5,10,31.3,Fastened,No,synthetic,CAT 325,22.3,Sand,40.9,60.0,America/Chicago,data-001-v1,42
2025-05-21 13:00:00,EXC001,OP2001,1639.8,8.4,18,4.5,Fastened,No,synthetic,CAT 325,19.8,Sand,11.4,60.0,America/Chicago,data-001-v1,42
2025-05-21 14:00:00,EXC001,OP1001,1640.7,7.5,18,5.5,Fastened,No,synthetic,CAT 325,22.8,Sand,10.1,60.0,America/Chicago,data-001-v1,42
2025-05-21 15:00:00,EXC001,OP2001,1641.5,7.1,15,14.7,Unfastened,Yes,synthetic,CAT 325,25.5,Sand,49.5,60.0,America/Chicago,data-001-v1,42
2025-05-21 16:00:00,EXC001,OP1001,1642.1,4.4,6,38.9,Fastened,No,synthetic,CAT 325,5.4,Clay,45.1,60.0,America/Chicago,data-001-v1,42
2025-05-21 17:00:00,EXC001,OP2001,1642.9,7.9,17,10.8,Fastened,No,synthetic,CAT 325,26.9,Clay,23.4,60.0,America/Chicago,data-001-v1,42
2025-05-21 06:00:00,EXC002,OP1001,6304.2,0.5,0,51.4,Fastened,No,synthetic,CAT 325,15.5,Gravel,15.5,60.0,America/Chicago,data-001-v1,42
2025-05-21 07:00:00,EXC002,OP2001,6304.8,4.4,7,35.8,Fastened,No,synthetic,CAT 325,14.4,Clay,43.0,60.0,America/Chicago,data-001-v1,42
2025-05-21 08:00:00,EXC002,OP1001,6305.5,4.7,8,33.4,Fastened,No,synthetic,CAT 325,19.5,Loam,54.2,60.0,America/Chicago,data-001-v1,42
2025-05-21 09:00:00,EXC002,OP2001,6306.3,4.9,7,28.1,Unfastened,No,synthetic,CAT 325,24.3,Clay,39.9,60.0,America/Chicago,data-001-v1,42
2025-05-21 10:00:00,EXC002,OP1001,6307.1,7.8,15,14.0,Fastened,No,synthetic,CAT 325,17.6,Sand,7.7,60.0,America/Chicago,data-001-v1,42
2025-05-21 11:00:00,EXC002,OP2001,6307.9,8.7,18,3.8,Fastened,No,synthetic,CAT 325,19.5,Clay,28.5,60.0,America/Chicago,data-001-v1,42
2025-05-21 12:00:00,EXC002,OP1001,6308.5,5.1,3,49.2,Fastened,No,synthetic,CAT 325,13.2,Clay,16.3,60.0,America/Chicago,data-001-v1,42
2025-05-21 13:00:00,EXC002,OP2001,6309.4,8.8,18,2.5,Fastened,No,synthetic,CAT 325,22.4,Loam,41.1,60.0,America/Chicago,data-001-v1,42
2025-05-21 14:00:00,EXC002,OP1001,6310.2,8.5,18,5.7,Fastened,No,synthetic,CAT 325,18.5,Loam,24.2,60.0,America/Chicago,data-001-v1,42
2025-05-21 15:00:00,EXC002,OP2001,6311.1,7.6,15,15.4,Fastened,No,synthetic,CAT 325,27.0,Clay,40.9,60.0,America/Chicago,data-001-v1,42
2025-05-21 16:00:00,EXC002,OP1001,6311.8,9.2,18,10.9,Fastened,No,synthetic,CAT 325,22.9,Loam,17.8,60.0,America/Chicago,data-001-v1,42
2025-05-21 17:00:00,EXC002,OP2001,6312.5,6.9,14,15.8,Fastened,Yes,synthetic,CAT 325,27.3,Loam,46.6,60.0,America/Chicago,data-001-v1,42
2025-05-22 06:00:00,EXC001,OP1001,1643.7,7.5,12,23.4,Fastened,No,synthetic,CAT 325,19.8,Loam,23.5,60.0,America/Chicago,data-001-v1,42
2025-05-22 07:00:00,EXC001,OP2001,1644.5,5.3,11,21.3,Fastened,No,synthetic,CAT 325,30.8,Sand,10.5,60.0,America/Chicago,data-001-v1,42
2025-05-22 08:00:00,EXC001,OP1001,1645.3,8.2,14,19.5,Fastened,No,synthetic,CAT 325,12.7,Clay,29.8,60.0,America/Chicago,data-001-v1,42
2025-05-22 09:00:00,EXC001,OP2001,1645.9,5.7,8,34.0,Fastened,No,synthetic,CAT 325,15.1,Sand,7.7,60.0,America/Chicago,data-001-v1,42
2025-05-22 10:00:00,EXC001,OP1001,1646.6,0.5,0,46.5,Fastened,No,synthetic,CAT 325,24.0,Loam,42.9,60.0,America/Chicago,data-001-v1,42
2025-05-22 11:00:00,EXC001,OP2001,1647.4,4.3,7,34.5,Fastened,No,synthetic,CAT 325,28.6,Loam,5.5,60.0,America/Chicago,data-001-v1,42
2025-05-22 12:00:00,EXC001,OP1001,1648.2,4.7,6,35.0,Unfastened,No,synthetic,CAT 325,16.9,Clay,35.8,60.0,America/Chicago,data-001-v1,42
2025-05-22 13:00:00,EXC001,OP2001,1649.0,0.9,0,48.1,Fastened,No,synthetic,CAT 325,21.4,Loam,21.3,60.0,America/Chicago,data-001-v1,42
2025-05-22 14:00:00,EXC001,OP1001,1649.6,0.5,0,46.8,Fastened,No,synthetic,CAT 325,22.4,Clay,15.9,60.0,America/Chicago,data-001-v1,42
2025-05-22 15:00:00,EXC001,OP2001,1650.2,6.2,10,26.6,Fastened,No,synthetic,CAT 325,14.7,Loam,29.0,60.0,America/Chicago,data-001-v1,42
2025-05-22 16:00:00,EXC001,OP1001,1650.9,0.9,0,48.3,Fastened,No,synthetic,CAT 325,15.1,Loam,46.3,60.0,America/Chicago,data-001-v1,42
2025-05-22 17:00:00,EXC001,OP2001,1651.6,3.9,3,46.4,Fastened,No,synthetic,CAT 325,20.0,Loam,11.1,60.0,America/Chicago,data-001-v1,42
2025-05-22 06:00:00,EXC002,OP1001,6313.2,4.6,5,40.5,Fastened,No,synthetic,CAT 325,33.8,Sand,66.6,60.0,America/Chicago,data-001-v1,42
2025-05-22 07:00:00,EXC002,OP2001,6313.9,1.0,0,53.5,Fastened,No,synthetic,CAT 325,22.4,Loam,52.2,60.0,America/Chicago,data-001-v1,42
2025-05-22 08:00:00,EXC002,OP1001,6314.6,4.8,3,48.2,Fastened,No,synthetic,CAT 325,14.0,Gravel,34.1,60.0,America/Chicago,data-001-v1,42
2025-05-22 09:00:00,EXC002,OP2001,6315.2,5.5,8,31.1,Fastened,No,synthetic,CAT 325,21.4,Loam,28.9,60.0,America/Chicago,data-001-v1,42
2025-05-22 10:00:00,EXC002,OP1001,6315.8,3.5,4,41.3,Fastened,No,synthetic,CAT 325,22.9,Gravel,33.3,60.0,America/Chicago,data-001-v1,42
2025-05-22 11:00:00,EXC002,OP2001,6316.6,6.1,9,30.5,Unfastened,Yes,synthetic,CAT 325,13.5,Loam,54.2,60.0,America/Chicago,data-001-v1,42
2025-05-22 12:00:00,EXC002,OP1001,6317.3,5.0,4,44.1,Fastened,No,synthetic,CAT 325,11.4,Sand,39.5,60.0,America/Chicago,data-001-v1,42
2025-05-22 13:00:00,EXC002,OP2001,6317.9,0.9,0,51.2,Fastened,No,synthetic,CAT 325,21.7,Loam,37.1,60.0,America/Chicago,data-001-v1,42
2025-05-22 14:00:00,EXC002,OP1001,6318.7,9.3,17,6.4,Fastened,No,synthetic,CAT 325,28.8,Clay,46.8,60.0,America/Chicago,data-001-v1,42
2025-05-22 15:00:00,EXC002,OP2001,6319.5,4.3,6,37.2,Fastened,No,synthetic,CAT 325,36.7,Loam,51.5,60.0,America/Chicago,data-001-v1,42
2025-05-22 16:00:00,EXC002,OP1001,6320.3,7.5,13,20.2,Fastened,No,synthetic,CAT 325,16.1,Clay,48.5,60.0,America/Chicago,data-001-v1,42
2025-05-22 17:00:00,EXC002,OP2001,6321.1,5.9,10,31.9,Unfastened,Yes,synthetic,CAT 325,30.4,Sand,6.7,60.0,America/Chicago,data-001-v1,42
2025-05-23 06:00:00,EXC001,OP1001,1652.4,9.1,17,7.7,Fastened,No,synthetic,CAT 325,12.0,Sand,36.9,60.0,America/Chicago,data-001-v1,42
2025-05-23 07:00:00,EXC001,OP2001,1653.2,4.1,8,33.2,Fastened,No,synthetic,CAT 325,8.4,Sand,55.0,60.0,America/Chicago,data-001-v1,42
2025-05-23 08:00:00,EXC001,OP1001,1653.9,3.7,6,35.9,Fastened,No,synthetic,CAT 325,3.7,Loam,28.1,60.0,America/Chicago,data-001-v1,42
2025-05-23 09:00:00,EXC001,OP2001,1654.5,1.0,0,49.0,Unfastened,Yes,synthetic,CAT 325,17.7,Sand,31.3,60.0,America/Chicago,data-001-v1,42
2025-05-23 10:00:00,EXC001,OP1001,1655.3,8.2,18,4.3,Fastened,No,synthetic,CAT 325,22.1,Loam,33.1,60.0,America/Chicago,data-001-v1,42
2025-05-23 11:00:00,EXC001,OP2001,1655.9,0.7,0,50.3,Fastened,Yes,synthetic,CAT 325,18.6,Sand,50.3,60.0,America/Chicago,data-001-v1,42
2025-05-23 12:00:00,EXC001,OP1001,1656.5,5.4,10,30.0,Fastened,No,synthetic,CAT 325,18.4,Loam,11.4,60.0,America/Chicago,data-001-v1,42
2025-05-23 13:00:00,EXC001,OP2001,1657.2,2.9,3,45.4,Fastened,No,synthetic,CAT 325,12.5,Gravel,53.4,60.0,America/Chicago,data-001-v1,42
2025-05-23 14:00:00,EXC001,OP1001,1657.8,2.6,4,44.5,Fastened,No,synthetic,CAT 325,28.6,Sand,25.2,60.0,America/Chicago,data-001-v1,42
2025-05-23 15:00:00,EXC001,OP2001,1658.6,5.5,9,27.9,Fastened,No,synthetic,CAT 325,2.5,Sand,63.1,60.0,America/Chicago,data-001-v1,42
2025-05-23 16:00:00,EXC001,OP1001,1659.4,4.7,6,41.5,Fastened,No,synthetic,CAT 325,20.8,Loam,22.0,60.0,America/Chicago,data-001-v1,42
2025-05-23 17:00:00,EXC001,OP2001,1660.1,4.8,4,43.7,Fastened,No,synthetic,CAT 325,18.5,Loam,42.5,60.0,America/Chicago,data-001-v1,42
2025-05-23 06:00:00,EXC002,OP1001,6321.7,4.5,5,42.4,Fastened,No,synthetic,CAT 325,15.2,Loam,34.1,60.0,America/Chicago,data-001-v1,42
2025-05-23 07:00:00,EXC002,OP2001,6322.4,7.5,13,19.6,Fastened,No,synthetic,CAT 325,21.5,Loam,45.3,60.0,America/Chicago,data-001-v1,42
2025-05-23 08:00:00,EXC002,OP1001,6323.0,1.0,0,45.1,Fastened,No,synthetic,CAT 325,14.4,Clay,11.7,60.0,America/Chicago,data-001-v1,42
2025-05-23 09:00:00,EXC002,OP2001,6323.6,5.4,8,33.1,Fastened,No,synthetic,CAT 325,7.5,Loam,17.4,60.0,America/Chicago,data-001-v1,42
2025-05-23 10:00:00,EXC002,OP1001,6324.4,6.3,11,26.9,Fastened,No,synthetic,CAT 325,11.4,Clay,38.0,60.0,America/Chicago,data-001-v1,42
2025-05-23 11:00:00,EXC002,OP2001,6325.0,4.5,5,43.3,Fastened,No,synthetic,CAT 325,7.5,Sand,22.1,60.0,America/Chicago,data-001-v1,42
2025-05-23 12:00:00,EXC002,OP1001,6325.6,4.5,6,45.0,Fastened,No,synthetic,CAT 325,28.0,Loam,22.1,60.0,America/Chicago,data-001-v1,42
2025-05-23 13:00:00,EXC002,OP2001,6326.2,0.9,0,52.2,Unfastened,Yes,synthetic,CAT 325,23.4,Loam,25.8,60.0,America/Chicago,data-001-v1,42
2025-05-23 14:00:00,EXC002,OP1001,6326.8,5.1,4,42.0,Fastened,No,synthetic,CAT 325,7.1,Clay,29.1,60.0,America/Chicago,data-001-v1,42
2025-05-23 15:00:00,EXC002,OP2001,6327.5,5.1,13,21.0,Fastened,No,synthetic,CAT 325,25.2,Loam,62.7,60.0,America/Chicago,data-001-v1,42
2025-05-23 16:00:00,EXC002,OP1001,6328.2,4.1,5,44.8,Fastened,No,synthetic,CAT 325,19.4,Loam,53.1,60.0,America/Chicago,data-001-v1,42
2025-05-23 17:00:00,EXC002,OP2001,6328.9,0.6,0,51.5,Fastened,No,synthetic,CAT 325,15.5,Sand,50.6,60.0,America/Chicago,data-001-v1,42
2025-05-26 06:00:00,EXC001,OP1001,1660.9,7.3,14,13.5,Fastened,No,synthetic,CAT 325,19.2,Loam,24.9,60.0,America/Chicago,data-001-v1,42
2025-05-26 07:00:00,EXC001,OP2001,1661.8,6.7,14,19.1,Fastened,No,synthetic,CAT 325,16.0,Sand,49.8,60.0,America/Chicago,data-001-v1,42
2025-05-26 08:00:00,EXC001,OP1001,1662.5,7.9,18,4.0,Fastened,No,synthetic,CAT 325,19.4,Loam,34.9,60.0,America/Chicago,data-001-v1,42
2025-05-26 09:00:00,EXC001,OP2001,1663.3,4.4,7,39.0,Fastened,No,synthetic,CAT 325,13.6,Loam,69.4,60.0,America/Chicago,data-001-v1,42
2025-05-26 10:00:00,EXC001,OP1001,1664.2,7.9,14,12.3,Fastened,No,synthetic,CAT 325,16.9,Clay,9.7,60.0,America/Chicago,data-001-v1,42
2025-05-26 11:00:00,EXC001,OP2001,1665.0,4.6,8,31.3,Fastened,No,synthetic,CAT 325,27.9,Clay,20.7,60.0,America/Chicago,data-001-v1,42
2025-05-26 12:00:00,EXC001,OP1001,1665.7,6.1,9,31.8,Fastened,No,synthetic,CAT 325,15.3,Loam,50.3,60.0,America/Chicago,data-001-v1,42
2025-05-26 13:00:00,EXC001,OP2001,1666.4,6.7,10,26.0,Fastened,No,synthetic,CAT 325,17.4,Clay,10.3,60.0,America/Chicago,data-001-v1,42
2025-05-26 14:00:00,EXC001,OP1001,1667.0,4.5,3,45.1,Fastened,No,synthetic,CAT 325,28.7,Sand,23.0,60.0,America/Chicago,data-001-v1,42
2025-05-26 15:00:00,EXC001,OP2001,1667.9,7.6,16,11.0,Fastened,No,synthetic,CAT 325,26.7,Sand,24.5,60.0,America/Chicago,data-001-v1,42
2025-05-26 16:00:00,EXC001,OP1001,1668.8,8.1,15,16.0,Fastened,No,synthetic,CAT 325,23.2,Loam,6.4,60.0,America/Chicago,data-001-v1,42
2025-05-26 17:00:00,EXC001,OP2001,1669.5,0.5,0,47.6,Fastened,No,synthetic,CAT 325,26.5,Sand,26.0,60.0,America/Chicago,data-001-v1,42
2025-05-26 06:00:00,EXC002,OP1001,6329.6,0.5,0,47.0,Fastened,No,synthetic,CAT 325,18.2,Loam,31.6,60.0,America/Chicago,data-001-v1,42
2025-05-26 07:00:00,EXC002,OP2001,6330.2,4.9,4,50.8,Fastened,No,synthetic,CAT 325,17.9,Loam,69.2,60.0,America/Chicago,data-001-v1,42
2025-05-26 08:00:00,EXC002,OP1001,6330.8,3.0,5,42.8,Fastened,No,synthetic,CAT 325,36.8,Clay,24.7,60.0,America/Chicago,data-001-v1,42
2025-05-26 09:00:00,EXC002,OP2001,6331.6,5.4,9,29.7,Fastened,No,synthetic,CAT 325,14.4,Sand,40.4,60.0,America/Chicago,data-001-v1,42
2025-05-26 10:00:00,EXC002,OP1001,6332.3,5.5,9,29.4,Fastened,No,synthetic,CAT 325,19.5,Clay,28.9,60.0,America/Chicago,data-001-v1,42
2025-05-26 11:00:00,EXC002,OP2001,6333.2,7.3,15,12.7,Fastened,No,synthetic,CAT 325,19.9,Clay,43.4,60.0,America/Chicago,data-001-v1,42
2025-05-26 12:00:00,EXC002,OP1001,6333.8,0.9,0,45.9,Fastened,No,synthetic,CAT 325,21.6,Loam,36.7,60.0,America/Chicago,data-001-v1,42
2025-05-26 13:00:00,EXC002,OP2001,6334.4,4.7,8,38.7,Fastened,No,synthetic,CAT 325,15.1,Sand,30.5,60.0,America/Chicago,data-001-v1,42
2025-05-26 14:00:00,EXC002,OP1001,6335.1,0.8,0,53.9,Fastened,No,synthetic,CAT 325,20.9,Clay,51.6,60.0,America/Chicago,data-001-v1,42
2025-05-26 15:00:00,EXC002,OP2001,6335.7,4.0,9,37.2,Unfastened,Yes,synthetic,CAT 325,16.2,Clay,49.3,60.0,America/Chicago,data-001-v1,42
2025-05-26 16:00:00,EXC002,OP1001,6336.4,0.9,0,47.7,Fastened,No,synthetic,CAT 325,13.6,Sand,24.2,60.0,America/Chicago,data-001-v1,42
2025-05-26 17:00:00,EXC002,OP2001,6337.1,3.0,5,44.1,Fastened,No,synthetic,CAT 325,9.4,Loam,44.1,60.0,America/Chicago,data-001-v1,42
2025-05-27 06:00:00,EXC001,OP1001,1670.2,8.5,17,12.9,Fastened,No,synthetic,CAT 325,25.7,Loam,20.0,60.0,America/Chicago,data-001-v1,42
2025-05-27 07:00:00,EXC001,OP2001,1670.7,0.8,0,53.3,Fastened,No,synthetic,CAT 325,20.7,Gravel,46.1,60.0,America/Chicago,data-001-v1,42
2025-05-27 08:00:00,EXC001,OP1001,1671.5,8.5,16,11.3,Fastened,No,synthetic,CAT 325,16.9,Gravel,8.2,60.0,America/Chicago,data-001-v1,42
2025-05-27 09:00:00,EXC001,OP2001,1672.3,6.7,14,15.4,Fastened,No,synthetic,CAT 325,21.4,Clay,37.0,60.0,America/Chicago,data-001-v1,42
2025-05-27 10:00:00,EXC001,OP1001,1673.1,0.8,0,45.4,Fastened,No,synthetic,CAT 325,25.4,Gravel,18.4,60.0,America/Chicago,data-001-v1,42
2025-05-27 11:00:00,EXC001,OP2001,1673.8,3.7,5,37.2,Fastened,No,synthetic,CAT 325,18.7,Loam,29.1,60.0,America/Chicago,data-001-v1,42
2025-05-27 12:00:00,EXC001,OP1001,1674.7,7.1,16,8.8,Fastened,No,synthetic,CAT 325,26.5,Sand,10.4,60.0,America/Chicago,data-001-v1,42
2025-05-27 13:00:00,EXC001,OP2001,1675.3,3.4,5,43.4,Fastened,No,synthetic,CAT 325,25.1,Gravel,29.7,60.0,America/Chicago,data-001-v1,42
2025-05-27 14:00:00,EXC001,OP1001,1675.9,7.1,12,20.0,Fastened,No,synthetic,CAT 325,25.5,Clay,35.4,60.0,America/Chicago,data-001-v1,42
2025-05-27 15:00:00,EXC001,OP2001,1676.5,5.9,5,44.5,Fastened,No,synthetic,CAT 325,23.2,Loam,27.8,60.0,America/Chicago,data-001-v1,42
2025-05-27 16:00:00,EXC001,OP1001,1677.2,1.0,0,51.4,Fastened,No,synthetic,CAT 325,27.1,Clay,53.9,60.0,America/Chicago,data-001-v1,42
2025-05-27 17:00:00,EXC001,OP2001,1678.0,7.3,16,5.5,Unfastened,Yes,synthetic,CAT 325,9.6,Clay,31.5,60.0,America/Chicago,data-001-v1,42
2025-05-27 06:00:00,EXC002,OP1001,6337.9,4.8,6,34.0,Fastened,No,synthetic,CAT 325,18.7,Sand,33.7,60.0,America/Chicago,data-001-v1,42
2025-05-27 07:00:00,EXC002,OP2001,6338.6,7.4,13,19.4,Fastened,No,synthetic,CAT 325,12.2,Clay,17.9,60.0,America/Chicago,data-001-v1,42
2025-05-27 08:00:00,EXC002,OP1001,6339.3,3.5,5,40.8,Fastened,Yes,synthetic,CAT 325,25.7,Loam,35.9,60.0,America/Chicago,data-001-v1,42
2025-05-27 09:00:00,EXC002,OP2001,6340.0,4.7,4,47.6,Fastened,No,synthetic,CAT 325,33.5,Loam,45.3,60.0,America/Chicago,data-001-v1,42
2025-05-27 10:00:00,EXC002,OP1001,6340.6,4.0,5,40.8,Fastened,No,synthetic,CAT 325,14.4,Loam,68.7,60.0,America/Chicago,data-001-v1,42
2025-05-27 11:00:00,EXC002,OP2001,6341.2,5.8,6,34.2,Fastened,No,synthetic,CAT 325,30.5,Clay,24.9,60.0,America/Chicago,data-001-v1,42
2025-05-27 12:00:00,EXC002,OP1001,6341.8,5.8,12,21.0,Fastened,No,synthetic,CAT 325,7.5,Gravel,5.7,60.0,America/Chicago,data-001-v1,42
2025-05-27 13:00:00,EXC002,OP2001,6342.7,8.1,15,12.9,Fastened,No,synthetic,CAT 325,15.9,Clay,49.3,60.0,America/Chicago,data-001-v1,42
2025-05-27 14:00:00,EXC002,OP1001,6343.4,4.4,8,36.1,Fastened,No,synthetic,CAT 325,19.0,Gravel,41.5,60.0,America/Chicago,data-001-v1,42
2025-05-27 15:00:00,EXC002,OP2001,6344.2,5.1,10,27.0,Fastened,No,synthetic,CAT 325,18.5,Clay,54.4,60.0,America/Chicago,data-001-v1,42
2025-05-27 16:00:00,EXC002,OP1001,6345.1,8.2,14,14.1,Fastened,No,synthetic,CAT 325,10.5,Gravel,53.2,60.0,America/Chicago,data-001-v1,42
2025-05-27 17:00:00,EXC002,OP2001,6345.7,0.9,0,54.3,Fastened,No,synthetic,CAT 325,22.6,Loam,5.0,60.0,America/Chicago,data-001-v1,42
2025-05-28 06:00:00,EXC001,OP1001,1678.8,7.0,15,12.3,Fastened,No,synthetic,CAT 325,26.3,Sand,28.3,60.0,America/Chicago,data-001-v1,42
2025-05-28 07:00:00,EXC001,OP2001,1679.4,0.5,0,53.9,Unfastened,Yes,synthetic,CAT 325,16.0,Loam,43.0,60.0,America/Chicago,data-001-v1,42
2025-05-28 08:00:00,EXC001,OP1001,1680.0,4.8,3,46.0,Unfastened,Yes,synthetic,CAT 325,13.4,Loam,13.3,60.0,America/Chicago,data-001-v1,42
2025-05-28 09:00:00,EXC001,OP2001,1680.7,5.1,7,39.2,Fastened,No,synthetic,CAT 325,7.3,Loam,20.6,60.0,America/Chicago,data-001-v1,42
2025-05-28 10:00:00,EXC001,OP1001,1681.4,5.9,13,18.9,Fastened,No,synthetic,CAT 325,23.3,Loam,21.4,60.0,America/Chicago,data-001-v1,42
2025-05-28 11:00:00,EXC001,OP2001,1682.1,0.7,0,54.6,Fastened,No,synthetic,CAT 325,24.4,Loam,50.0,60.0,America/Chicago,data-001-v1,42
2025-05-28 12:00:00,EXC001,OP1001,1682.8,7.8,15,14.5,Fastened,No,synthetic,CAT 325,19.9,Sand,35.3,60.0,America/Chicago,data-001-v1,42
2025-05-28 13:00:00,EXC001,OP2001,1683.5,7.1,13,13.0,Fastened,No,synthetic,CAT 325,27.4,Loam,38.9,60.0,America/Chicago,data-001-v1,42
2025-05-28 14:00:00,EXC001,OP1001,1684.1,5.9,10,30.4,Fastened,No,synthetic,CAT 325,14.6,Sand,44.1,60.0,America/Chicago,data-001-v1,42
2025-05-28 15:00:00,EXC001,OP2001,1684.9,4.3,8,36.0,Fastened,No,synthetic,CAT 325,12.3,Sand,34.7,60.0,America/Chicago,data-001-v1,42
2025-05-28 16:00:00,EXC001,OP1001,1685.5,4.9,8,32.9,Fastened,No,synthetic,CAT 325,14.5,Loam,6.7,60.0,America/Chicago,data-001-v1,42
2025-05-28 17:00:00,EXC001,OP2001,1686.3,5.8,7,35.4,Fastened,No,synthetic,CAT 325,14.9,Gravel,23.1,60.0,America/Chicago,data-001-v1,42
2025-05-28 06:00:00,EXC002,OP1001,6346.6,7.2,15,11.0,Fastened,No,synthetic,CAT 325,17.6,Loam,44.5,60.0,America/Chicago,data-001-v1,42
2025-05-28 07:00:00,EXC002,OP2001,6347.5,6.5,13,15.5,Fastened,No,synthetic,CAT 325,17.8,Clay,10.7,60.0,America/Chicago,data-001-v1,42
2025-05-28 08:00:00,EXC002,OP1001,6348.2,5.2,11,29.9,Unfastened,Yes,synthetic,CAT 325,24.4,Clay,30.0,60.0,America/Chicago,data-001-v1,42
2025-05-28 09:00:00,EXC002,OP2001,6348.9,6.7,12,16.0,Fastened,No,synthetic,CAT 325,17.8,Gravel,36.0,60.0,America/Chicago,data-001-v1,42
2025-05-28 10:00:00,EXC002,OP1001,6349.6,5.1,10,23.7,Fastened,No,synthetic,CAT 325,16.0,Sand,48.4,60.0,America/Chicago,data-001-v1,42
2025-05-28 11:00:00,EXC002,OP2001,6350.2,6.2,10,23.7,Fastened,No,synthetic,CAT 325,24.4,Sand,16.5,60.0,America/Chicago,data-001-v1,42
2025-05-28 12:00:00,EXC002,OP1001,6351.0,5.5,11,28.9,Unfastened,Yes,synthetic,CAT 325,17.9,Sand,40.3,60.0,America/Chicago,data-001-v1,42
2025-05-28 13:00:00,EXC002,OP2001,6351.7,8.5,17,10.9,Fastened,No,synthetic,CAT 325,17.9,Loam,10.3,60.0,America/Chicago,data-001-v1,42
2025-05-28 14:00:00,EXC002,OP1001,6352.6,7.7,18,0.0,Fastened,No,synthetic,CAT 325,21.7,Sand,34.1,60.0,America/Chicago,data-001-v1,42
2025-05-28 15:00:00,EXC002,OP2001,6353.4,6.5,16,14.2,Fastened,No,synthetic,CAT 325,22.6,Loam,38.0,60.0,America/Chicago,data-001-v1,42
2025-05-28 16:00:00,EXC002,OP1001,6354.3,7.5,18,2.7,Fastened,No,synthetic,CAT 325,16.1,Clay,40.8,60.0,America/Chicago,data-001-v1,42
2025-05-28 17:00:00,EXC002,OP2001,6355.1,7.1,12,18.0,Fastened,No,synthetic,CAT 325,21.3,Gravel,21.7,60.0,America/Chicago,data-001-v1,42
2025-05-29 06:00:00,EXC001,OP1001,1687.1,4.8,5,38.7,Unfastened,Yes,synthetic,CAT 325,13.9,Gravel,8.0,60.0,America/Chicago,data-001-v1,42
2025-05-29 07:00:00,EXC001,OP2001,1687.9,8.5,18,2.1,Fastened,No,synthetic,CAT 325,21.2,Sand,48.6,60.0,America/Chicago,data-001-v1,42
2025-05-29 08:00:00,EXC001,OP1001,1688.6,1.0,0,45.1,Fastened,No,synthetic,CAT 325,27.3,Gravel,15.0,60.0,America/Chicago,data-001-v1,42
2025-05-29 09:00:00,EXC001,OP2001,1689.3,6.0,16,13.4,Fastened,No,synthetic,CAT 325,11.4,Clay,9.4,60.0,America/Chicago,data-001-v1,42
2025-05-29 10:00:00,EXC001,OP1001,1690.0,4.6,10,29.0,Fastened,No,synthetic,CAT 325,20.2,Gravel,8.6,60.0,America/Chicago,data-001-v1,42
2025-05-29 11:00:00,EXC001,OP2001,1690.6,5.0,10,24.9,Fastened,No,synthetic,CAT 325,23.8,Loam,16.6,60.0,America/Chicago,data-001-v1,42
2025-05-29 12:00:00,EXC001,OP1001,1691.3,4.6,8,36.4,Fastened,No,synthetic,CAT 325,10.1,Clay,53.9,60.0,America/Chicago,data-001-v1,42
2025-05-29 13:00:00,EXC001,OP2001,1691.9,4.4,6,35.1,Fastened,No,synthetic,CAT 325,22.4,Clay,17.1,60.0,America/Chicago,data-001-v1,42
2025-05-29 14:00:00,EXC001,OP1001,1692.4,0.7,0,52.5,Fastened,No,synthetic,CAT 325,22.0,Loam,19.2,60.0,America/Chicago,data-001-v1,42
2025-05-29 15:00:00,EXC001,OP2001,1693.1,5.1,10,24.6,Fastened,No,synthetic,CAT 325,14.3,Loam,49.8,60.0,America/Chicago,data-001-v1,42
2025-05-29 16:00:00,EXC001,OP1001,1693.8,7.0,10,29.1,Fastened,No,synthetic,CAT 325,19.3,Loam,50.4,60.0,America/Chicago,data-001-v1,42
2025-05-29 17:00:00,EXC001,OP2001,1694.7,7.3,13,19.5,Fastened,No,synthetic,CAT 325,16.5,Clay,12.0,60.0,America/Chicago,data-001-v1,42
2025-05-29 06:00:00,EXC002,OP1001,6355.7,0.8,0,46.4,Fastened,Yes,synthetic,CAT 325,13.9,Sand,49.3,60.0,America/Chicago,data-001-v1,42
2025-05-29 07:00:00,EXC002,OP2001,6356.5,8.1,14,17.0,Fastened,No,synthetic,CAT 325,22.7,Loam,34.4,60.0,America/Chicago,data-001-v1,42
2025-05-29 08:00:00,EXC002,OP1001,6357.2,3.2,4,47.1,Fastened,No,synthetic,CAT 325,22.2,Sand,43.6,60.0,America/Chicago,data-001-v1,42
2025-05-29 09:00:00,EXC002,OP2001,6358.1,9.4,17,9.3,Fastened,No,synthetic,CAT 325,17.6,Sand,13.9,60.0,America/Chicago,data-001-v1,42
2025-05-29 10:00:00,EXC002,OP1001,6358.9,4.8,9,31.3,Fastened,No,synthetic,CAT 325,23.7,Loam,48.3,60.0,America/Chicago,data-001-v1,42
2025-05-29 11:00:00,EXC002,OP2001,6359.7,6.2,16,9.7,Fastened,No,synthetic,CAT 325,7.8,Gravel,48.2,60.0,America/Chicago,data-001-v1,42
2025-05-29 12:00:00,EXC002,OP1001,6360.6,5.6,13,20.4,Fastened,No,synthetic,CAT 325,23.5,Loam,28.1,60.0,America/Chicago,data-001-v1,42
2025-05-29 13:00:00,EXC002,OP2001,6361.3,4.2,8,31.5,Fastened,No,synthetic,CAT 325,19.6,Loam,19.1,60.0,America/Chicago,data-001-v1,42
2025-05-29 14:00:00,EXC002,OP1001,6362.0,3.9,5,37.4,Fastened,No,synthetic,CAT 325,7.8,Clay,35.9,60.0,America/Chicago,data-001-v1,42
2025-05-29 15:00:00,EXC002,OP2001,6362.7,8.3,16,16.2,Fastened,No,synthetic,CAT 325,14.2,Sand,38.1,60.0,America/Chicago,data-001-v1,42
2025-05-29 16:00:00,EXC002,OP1001,6363.4,5.0,8,34.8,Fastened,No,synthetic,CAT 325,25.5,Sand,53.0,60.0,America/Chicago,data-001-v1,42
2025-05-29 17:00:00,EXC002,OP2001,6364.1,4.2,9,27.9,Fastened,No,synthetic,CAT 325,16.3,Loam,27.7,60.0,America/Chicago,data-001-v1,42
2025-05-30 06:00:00,EXC001,OP1001,1695.3,4.0,5,41.0,Unfastened,No,synthetic,CAT 325,5.4,Loam,36.7,60.0,America/Chicago,data-001-v1,42
2025-05-30 07:00:00,EXC001,OP2001,1696.0,7.6,11,23.3,Fastened,No,synthetic,CAT 325,12.7,Loam,40.8,60.0,America/Chicago,data-001-v1,42
2025-05-30 08:00:00,EXC001,OP1001,1696.9,6.4,14,14.3,Fastened,No,synthetic,CAT 325,22.2,Loam,66.5,60.0,America/Chicago,data-001-v1,42
2025-05-30 09:00:00,EXC001,OP2001,1697.6,6.3,17,3.2,Fastened,No,synthetic,CAT 325,23.8,Clay,44.1,60.0,America/Chicago,data-001-v1,42
2025-05-30 10:00:00,EXC001,OP1001,1698.4,6.0,12,18.8,Fastened,No,synthetic,CAT 325,25.5,Loam,50.3,60.0,America/Chicago,data-001-v1,42
2025-05-30 11:00:00,EXC001,OP2001,1699.0,0.7,0,48.8,Fastened,No,synthetic,CAT 325,26.7,Gravel,48.8,60.0,America/Chicago,data-001-v1,42
2025-05-30 12:00:00,EXC001,OP1001,1699.8,0.8,0,48.0,Fastened,Yes,synthetic,CAT 325,12.6,Clay,30.9,60.0,America/Chicago,data-001-v1,42
2025-05-30 13:00:00,EXC001,OP2001,1700.5,5.9,15,8.5,Fastened,No,synthetic,CAT 325,11.2,Clay,35.3,60.0,America/Chicago,data-001-v1,42
2025-05-30 14:00:00,EXC001,OP1001,1701.1,7.1,10,27.3,Fastened,No,synthetic,CAT 325,20.9,Sand,38.6,60.0,America/Chicago,data-001-v1,42
2025-05-30 15:00:00,EXC001,OP2001,1701.9,7.5,13,15.6,Fastened,No,synthetic,CAT 325,20.3,Clay,49.8,60.0,America/Chicago,data-001-v1,42
2025-05-30 16:00:00,EXC001,OP1001,1702.9,8.0,17,5.1,Fastened,No,synthetic,CAT 325,27.5,Clay,52.4,60.0,America/Chicago,data-001-v1,42
2025-05-30 17:00:00,EXC001,OP2001,1703.7,8.1,16,10.0,Unfastened,Yes,synthetic,CAT 325,19.1,Gravel,53.1,60.0,America/Chicago,data-001-v1,42
2025-05-30 06:00:00,EXC002,OP1001,6364.7,0.6,0,50.7,Unfastened,Yes,synthetic,CAT 325,29.1,Loam,11.7,60.0,America/Chicago,data-001-v1,42
2025-05-30 07:00:00,EXC002,OP2001,6365.4,0.5,0,53.7,Unfastened,Yes,synthetic,CAT 325,22.5,Loam,39.9,60.0,America/Chicago,data-001-v1,42
2025-05-30 08:00:00,EXC002,OP1001,6366.2,6.3,17,7.7,Fastened,No,synthetic,CAT 325,17.6,Gravel,17.3,60.0,America/Chicago,data-001-v1,42
2025-05-30 09:00:00,EXC002,OP2001,6367.0,7.0,10,31.3,Fastened,No,synthetic,CAT 325,21.8,Sand,44.3,60.0,America/Chicago,data-001-v1,42
2025-05-30 10:00:00,EXC002,OP1001,6367.9,6.8,16,8.7,Fastened,Yes,synthetic,CAT 325,25.0,Gravel,21.5,60.0,America/Chicago,data-001-v1,42
2025-05-30 11:00:00,EXC002,OP2001,6368.6,8.6,15,14.1,Fastened,No,synthetic,CAT 325,10.6,Loam,13.6,60.0,America/Chicago,data-001-v1,42
2025-05-30 12:00:00,EXC002,OP1001,6369.2,0.6,0,50.1,Fastened,No,synthetic,CAT 325,25.6,Gravel,51.6,60.0,America/Chicago,data-001-v1,42
2025-05-30 13:00:00,EXC002,OP2001,6369.8,3.2,4,43.9,Fastened,No,synthetic,CAT 325,24.7,Gravel,48.4,60.0,America/Chicago,data-001-v1,42
2025-05-30 14:00:00,EXC002,OP1001,6370.5,1.0,0,48.6,Fastened,No,synthetic,CAT 325,26.1,Gravel,53.3,60.0,America/Chicago,data-001-v1,42
2025-05-30 15:00:00,EXC002,OP2001,6371.2,5.7,11,19.3,Fastened,No,synthetic,CAT 325,24.1,Clay,21.0,60.0,America/Chicago,data-001-v1,42
2025-05-30 16:00:00,EXC002,OP1001,6372.0,7.7,17,6.6,Fastened,No,synthetic,CAT 325,19.7,Loam,31.9,60.0,America/Chicago,data-001-v1,42
2025-05-30 17:00:00,EXC002,OP2001,6372.8,6.7,10,26.5,Fastened,No,synthetic,CAT 325,9.8,Gravel,43.5,60.0,America/Chicago,data-001-v1,42
2025-06-02 06:00:00,EXC001,OP1001,1704.3,4.8,4,45.1,Fastened,No,synthetic,CAT 325,25.8,Loam,49.9,60.0,America/Chicago,data-001-v1,42
2025-06-02 07:00:00,EXC001,OP2001,1704.9,0.9,0,53.3,Fastened,No,synthetic,CAT 325,31.7,Sand,5.7,60.0,America/Chicago,data-001-v1,42
2025-06-02 08:00:00,EXC001,OP1001,1705.9,7.6,17,4.0,Fastened,No,synthetic,CAT 325,29.6,Gravel,42.9,60.0,America/Chicago,data-001-v1,42
2025-06-02 09:00:00,EXC001,OP2001,1706.8,7.1,18,9.1,Fastened,No,synthetic,CAT 325,28.9,Sand,5.5,60.0,America/Chicago,data-001-v1,42
2025-06-02 10:00:00,EXC001,OP1001,1707.6,7.4,12,20.2,Fastened,No,synthetic,CAT 325,29.9,Sand,26.4,60.0,America/Chicago,data-001-v1,42
2025-06-02 11:00:00,EXC001,OP2001,1708.3,7.4,13,21.2,Fastened,No,synthetic,CAT 325,33.1,Clay,50.9,60.0,America/Chicago,data-001-v1,42
2025-06-02 12:00:00,EXC001,OP1001,1709.0,0.6,0,45.4,Fastened,No,synthetic,CAT 325,22.4,Sand,14.6,60.0,America/Chicago,data-001-v1,42
2025-06-02 13:00:00,EXC001,OP2001,1709.9,6.9,14,13.7,Fastened,No,synthetic,CAT 325,30.2,Clay,33.2,60.0,America/Chicago,data-001-v1,42
2025-06-02 14:00:00,EXC001,OP1001,1710.5,5.2,10,30.2,Unfastened,Yes,synthetic,CAT 325,30.6,Clay,46.2,60.0,America/Chicago,data-001-v1,42
2025-06-02 15:00:00,EXC001,OP2001,1711.2,0.5,0,53.3,Fastened,No,synthetic,CAT 325,27.9,Gravel,28.0,60.0,America/Chicago,data-001-v1,42
2025-06-02 16:00:00,EXC001,OP1001,1711.9,5.1,7,36.5,Unfastened,Yes,synthetic,CAT 325,21.1,Sand,48.8,60.0,America/Chicago,data-001-v1,42
2025-06-02 17:00:00,EXC001,OP2001,1712.6,6.1,15,16.3,Fastened,No,synthetic,CAT 325,42.2,Gravel,16.3,60.0,America/Chicago,data-001-v1,42
2025-06-02 06:00:00,EXC002,OP1001,6373.6,8.2,16,8.5,Fastened,No,synthetic,CAT 325,31.3,Loam,24.4,60.0,America/Chicago,data-001-v1,42
2025-06-02 07:00:00,EXC002,OP2001,6374.3,6.6,13,17.5,Fastened,No,synthetic,CAT 325,34.3,Gravel,37.8,60.0,America/Chicago,data-001-v1,42
2025-06-02 08:00:00,EXC002,OP1001,6374.9,0.6,0,51.8,Unfastened,Yes,synthetic,CAT 325,33.3,Loam,19.3,60.0,America/Chicago,data-001-v1,42
2025-06-02 09:00:00,EXC002,OP2001,6375.6,0.6,0,53.0,Fastened,No,synthetic,CAT 325,27.9,Loam,10.3,60.0,America/Chicago,data-001-v1,42
2025-06-02 10:00:00,EXC002,OP1001,6376.3,7.7,13,18.3,Unfastened,Yes,synthetic,CAT 325,34.1,Clay,5.5,60.0,America/Chicago,data-001-v1,42
2025-06-02 11:00:00,EXC002,OP2001,6377.0,8.2,18,3.0,Fastened,No,synthetic,CAT 325,27.0,Gravel,27.7,60.0,America/Chicago,data-001-v1,42
2025-06-02 12:00:00,EXC002,OP1001,6377.7,0.6,0,51.0,Fastened,No,synthetic,CAT 325,36.0,Gravel,10.3,60.0,America/Chicago,data-001-v1,42
2025-06-02 13:00:00,EXC002,OP2001,6378.5,7.8,15,16.0,Fastened,No,synthetic,CAT 325,30.0,Sand,49.7,60.0,America/Chicago,data-001-v1,42
2025-06-02 14:00:00,EXC002,OP1001,6379.1,5.7,10,32.7,Fastened,No,synthetic,CAT 325,40.5,Loam,25.9,60.0,America/Chicago,data-001-v1,42
2025-06-02 15:00:00,EXC002,OP2001,6379.9,3.7,6,34.1,Fastened,No,synthetic,CAT 325,27.6,Loam,10.6,60.0,America/Chicago,data-001-v1,42
2025-06-02 16:00:00,EXC002,OP1001,6380.6,0.6,0,45.6,Fastened,No,synthetic,CAT 325,32.4,Gravel,51.6,60.0,America/Chicago,data-001-v1,42
2025-06-02 17:00:00,EXC002,OP2001,6381.5,8.1,14,18.6,Fastened,No,synthetic,CAT 325,24.9,Loam,12.2,60.0,America/Chicago,data-001-v1,42
2025-06-03 06:00:00,EXC001,OP1001,1713.3,5.2,11,22.4,Fastened,No,synthetic,CAT 325,21.4,Clay,47.4,60.0,America/Chicago,data-001-v1,42
2025-06-03 07:00:00,EXC001,OP2001,1713.9,3.7,3,42.8,Fastened,No,synthetic,CAT 325,28.1,Clay,24.7,60.0,America/Chicago,data-001-v1,42
2025-06-03 08:00:00,EXC001,OP1001,1714.7,5.6,11,19.9,Fastened,No,synthetic,CAT 325,33.3,Gravel,7.1,60.0,America/Chicago,data-001-v1,42
2025-06-03 09:00:00,EXC001,OP2001,1715.6,5.8,13,18.1,Fastened,No,synthetic,CAT 325,31.6,Clay,39.9,60.0,America/Chicago,data-001-v1,42
2025-06-03 10:00:00,EXC001,OP1001,1716.4,7.1,17,10.1,Fastened,No,synthetic,CAT 325,32.2,Sand,22.3,60.0,America/Chicago,data-001-v1,42
2025-06-03 11:00:00,EXC001,OP2001,1717.0,7.0,10,28.7,Fastened,No,synthetic,CAT 325,32.5,Loam,6.3,60.0,America/Chicago,data-001-v1,42
2025-06-03 12:00:00,EXC001,OP1001,1717.8,4.3,8,30.8,Fastened,No,synthetic,CAT 325,30.0,Loam,68.4,60.0,America/Chicago,data-001-v1,42
2025-06-03 13:00:00,EXC001,OP2001,1718.4,5.1,10,27.3,Fastened,Yes,synthetic,CAT 325,31.1,Clay,59.8,60.0,America/Chicago,data-001-v1,42
2025-06-03 14:00:00,EXC001,OP1001,1719.1,7.6,16,13.9,Fastened,No,synthetic,CAT 325,22.4,Loam,22.6,60.0,America/Chicago,data-001-v1,42
2025-06-03 15:00:00,EXC001,OP2001,1720.0,6.5,15,15.4,Fastened,No,synthetic,CAT 325,23.6,Sand,23.7,60.0,America/Chicago,data-001-v1,42
2025-06-03 16:00:00,EXC001,OP1001,1720.7,0.6,0,50.2,Fastened,No,synthetic,CAT 325,31.7,Loam,18.8,60.0,America/Chicago,data-001-v1,42
2025-06-03 17:00:00,EXC001,OP2001,1721.4,2.7,3,42.2,Fastened,No,synthetic,CAT 325,29.8,Sand,34.1,60.0,America/Chicago,data-001-v1,42
2025-06-03 06:00:00,EXC002,OP1001,6382.4,5.6,14,15.7,Fastened,No,synthetic,CAT 325,29.6,Loam,35.8,60.0,America/Chicago,data-001-v1,42
2025-06-03 07:00:00,EXC002,OP2001,6383.1,6.1,8,33.9,Fastened,No,synthetic,CAT 325,29.2,Clay,21.1,60.0,America/Chicago,data-001-v1,42
2025-06-03 08:00:00,EXC002,OP1001,6383.8,2.6,3,46.1,Fastened,No,synthetic,CAT 325,34.7,Loam,38.2,60.0,America/Chicago,data-001-v1,42
2025-06-03 09:00:00,EXC002,OP2001,6384.5,6.6,11,21.1,Fastened,No,synthetic,CAT 325,28.7,Loam,48.3,60.0,America/Chicago,data-001-v1,42
2025-06-03 10:00:00,EXC002,OP1001,6385.2,0.8,0,45.9,Fastened,No,synthetic,CAT 325,29.8,Loam,24.3,60.0,America/Chicago,data-001-v1,42
2025-06-03 11:00:00,EXC002,OP2001,6385.8,3.5,6,39.0,Fastened,No,synthetic,CAT 325,31.1,Clay,21.5,60.0,America/Chicago,data-001-v1,42
2025-06-03 12:00:00,EXC002,OP1001,6386.5,8.3,16,15.2,Fastened,No,synthetic,CAT 325,27.3,Sand,39.3,60.0,America/Chicago,data-001-v1,42
2025-06-03 13:00:00,EXC002,OP2001,6387.4,7.1,17,9.0,Fastened,No,synthetic,CAT 325,30.3,Loam,31.9,60.0,America/Chicago,data-001-v1,42
2025-06-03 14:00:00,EXC002,OP1001,6388.1,4.9,7,34.0,Fastened,No,synthetic,CAT 325,35.5,Loam,43.6,60.0,America/Chicago,data-001-v1,42
2025-06-03 15:00:00,EXC002,OP2001,6388.8,6.6,12,20.2,Fastened,No,synthetic,CAT 325,42.8,Loam,53.2,60.0,America/Chicago,data-001-v1,42
2025-06-03 16:00:00,EXC002,OP1001,6389.4,7.0,10,26.0,Fastened,No,synthetic,CAT 325,25.4,Clay,29.6,60.0,America/Chicago,data-001-v1,42
2025-06-03 17:00:00,EXC002,OP2001,6390.1,3.8,3,48.7,Fastened,No,synthetic,CAT 325,27.7,Sand,6.8,60.0,America/Chicago,data-001-v1,42
2025-06-04 06:00:00,EXC001,OP1001,1722.1,4.1,6,39.4,Fastened,No,synthetic,CAT 325,24.1,Clay,27.2,60.0,America/Chicago,data-001-v1,42
2025-06-04 07:00:00,EXC001,OP2001,1722.8,6.0,11,26.9,Fastened,No,synthetic,CAT 325,25.9,Clay,38.7,60.0,America/Chicago,data-001-v1,42
2025-06-04 08:00:00,EXC001,OP1001,1723.5,4.6,7,37.1,Fastened,Yes,synthetic,CAT 325,23.5,Sand,27.5,60.0,America/Chicago,data-001-v1,42
2025-06-04 09:00:00,EXC001,OP2001,1724.3,5.5,12,25.0,Fastened,No,synthetic,CAT 325,33.6,Gravel,32.1,60.0,America/Chicago,data-001-v1,42
2025-06-04 10:00:00,EXC001,OP1001,1725.1,7.2,13,19.8,Fastened,No,synthetic,CAT 325,31.8,Clay,36.4,60.0,America/Chicago,data-001-v1,42
2025-06-04 11:00:00,EXC001,OP2001,1725.9,7.1,17,5.4,Unfastened,Yes,synthetic,CAT 325,29.6,Sand,37.7,60.0,America/Chicago,data-001-v1,42
2025-06-04 12:00:00,EXC001,OP1001,1726.6,4.3,4,47.7,Fastened,No,synthetic,CAT 325,21.4,Sand,34.9,60.0,America/Chicago,data-001-v1,42
2025-06-04 13:00:00,EXC001,OP2001,1727.3,7.4,15,16.6,Fastened,No,synthetic,CAT 325,31.0,Loam,58.5,60.0,America/Chicago,data-001-v1,42
2025-06-04 14:00:00,EXC001,OP1001,1727.9,5.8,10,29.9,Fastened,No,synthetic,CAT 325,31.7,Clay,25.6,60.0,America/Chicago,data-001-v1,42
2025-06-04 15:00:00,EXC001,OP2001,1728.5,6.3,9,30.0,Fastened,No,synthetic,CAT 325,30.9,Loam,15.1,60.0,America/Chicago,data-001-v1,42
2025-06-04 16:00:00,EXC001,OP1001,1729.3,7.4,14,13.1,Fastened,No,synthetic,CAT 325,30.2,Loam,66.2,60.0,America/Chicago,data-001-v1,42
2025-06-04 17:00:00,EXC001,OP2001,1730.1,6.5,11,20.4,Fastened,No,synthetic,CAT 325,30.8,Gravel,27.2,60.0,America/Chicago,data-001-v1,42
2025-06-04 06:00:00,EXC002,OP1001,6390.9,7.3,18,6.3,Fastened,No,synthetic,CAT 325,26.3,Loam,68.4,60.0,America/Chicago,data-001-v1,42
2025-06-04 07:00:00,EXC002,OP2001,6391.7,6.2,15,15.6,Fastened,No,synthetic,CAT 325,26.7,Clay,53.3,60.0,America/Chicago,data-001-v1,42
2025-06-04 08:00:00,EXC002,OP1001,6392.4,7.0,18,0.9,Fastened,No,synthetic,CAT 325,30.3,Sand,11.3,60.0,America/Chicago,data-001-v1,42
2025-06-04 09:00:00,EXC002,OP2001,6393.3,9.1,16,10.9,Fastened,Yes,synthetic,CAT 325,34.1,Gravel,41.0,60.0,America/Chicago,data-001-v1,42
2025-06-04 10:00:00,EXC002,OP1001,6394.1,6.9,17,6.4,Fastened,No,synthetic,CAT 325,39.3,Clay,30.0,60.0,America/Chicago,data-001-v1,42
2025-06-04 11:00:00,EXC002,OP2001,6394.8,7.7,14,19.5,Fastened,No,synthetic,CAT 325,26.6,Gravel,65.7,60.0,America/Chicago,data-001-v1,42
2025-06-04 12:00:00,EXC002,OP1001,6395.6,6.2,10,22.4,Fastened,No,synthetic,CAT 325,33.9,Sand,62.4,60.0,America/Chicago,data-001-v1,42
2025-06-04 13:00:00,EXC002,OP2001,6396.2,0.7,0,46.5,Unfastened,No,synthetic,CAT 325,28.8,Gravel,39.4,60.0,America/Chicago,data-001-v1,42
2025-06-04 14:00:00,EXC002,OP1001,6396.9,3.3,5,41.3,Fastened,No,synthetic,CAT 325,36.5,Sand,29.1,60.0,America/Chicago,data-001-v1,42
2025-06-04 15:00:00,EXC002,OP2001,6397.5,0.7,0,54.8,Fastened,No,synthetic,CAT 325,30.6,Loam,28.2,60.0,America/Chicago,data-001-v1,42
2025-06-04 16:00:00,EXC002,OP1001,6398.4,7.2,14,14.9,Fastened,No,synthetic,CAT 325,30.9,Sand,44.8,60.0,America/Chicago,data-001-v1,42
2025-06-04 17:00:00,EXC002,OP2001,6399.1,2.2,3,49.1,Fastened,No,synthetic,CAT 325,28.5,Clay,69.4,60.0,America/Chicago,data-001-v1,42
2025-06-05 06:00:00,EXC001,OP1001,1730.8,3.0,3,44.3,Fastened,No,synthetic,CAT 325,22.9,Clay,36.6,60.0,America/Chicago,data-001-v1,42
2025-06-05 07:00:00,EXC001,OP2001,1731.6,6.4,16,16.7,Fastened,No,synthetic,CAT 325,19.3,Gravel,37.2,60.0,America/Chicago,data-001-v1,42
2025-06-05 08:00:00,EXC001,OP1001,1732.3,6.9,14,17.3,Fastened,No,synthetic,CAT 325,33.1,Loam,26.5,60.0,America/Chicago,data-001-v1,42
2025-06-05 09:00:00,EXC001,OP2001,1733.3,7.0,17,3.6,Fastened,No,synthetic,CAT 325,32.1,Sand,20.6,60.0,America/Chicago,data-001-v1,42
2025-06-05 10:00:00,EXC001,OP1001,1734.1,7.6,15,18.5,Fastened,No,synthetic,CAT 325,25.8,Clay,48.6,60.0,America/Chicago,data-001-v1,42
2025-06-05 11:00:00,EXC001,OP2001,1735.0,5.7,10,24.2,Fastened,No,synthetic,CAT 325,28.8,Loam,51.7,60.0,America/Chicago,data-001-v1,42
2025-06-05 12:00:00,EXC001,OP1001,1735.6,7.2,15,15.9,Fastened,No,synthetic,CAT 325,32.1,Clay,35.6,60.0,America/Chicago,data-001-v1,42
2025-06-05 13:00:00,EXC001,OP2001,1736.3,6.6,14,19.4,Fastened,No,synthetic,CAT 325,34.2,Loam,48.7,60.0,America/Chicago,data-001-v1,42
2025-06-05 14:00:00,EXC001,OP1001,1737.0,0.6,0,49.8,Fastened,No,synthetic,CAT 325,25.5,Sand,25.5,60.0,America/Chicago,data-001-v1,42
2025-06-05 15:00:00,EXC001,OP2001,1737.9,6.6,17,7.6,Fastened,No,synthetic,CAT 325,26.6,Sand,23.8,60.0,America/Chicago,data-001-v1,42
2025-06-05 16:00:00,EXC001,OP1001,1738.5,0.8,0,47.2,Unfastened,No,synthetic,CAT 325,36.4,Loam,41.1,60.0,America/Chicago,data-001-v1,42
2025-06-05 17:00:00,EXC001,OP2001,1739.3,6.8,11,28.6,Fastened,No,synthetic,CAT 325,34.8,Sand,7.4,60.0,America/Chicago,data-001-v1,42
2025-06-05 06:00:00,EXC002,OP1001,6399.9,6.5,13,17.0,Fastened,No,synthetic,CAT 325,35.7,Loam,30.7,60.0,America/Chicago,data-001-v1,42
2025-06-05 07:00:00,EXC002,OP2001,6400.7,7.6,17,6.6,Fastened,No,synthetic,CAT 325,28.7,Loam,47.5,60.0,America/Chicago,data-001-v1,42
2025-06-05 08:00:00,EXC002,OP1001,6401.6,6.3,17,10.0,Fastened,No,synthetic,CAT 325,33.8,Loam,18.1,60.0,America/Chicago,data-001-v1,42
2025-06-05 09:00:00,EXC002,OP2001,6402.5,5.5,14,16.5,Fastened,No,synthetic,CAT 325,37.4,Clay,39.0,60.0,America/Chicago,data-001-v1,42
2025-06-05 10:00:00,EXC002,OP1001,6403.3,7.6,18,6.3,Fastened,No,synthetic,CAT 325,34.2,Sand,17.5,60.0,America/Chicago,data-001-v1,42
2025-06-05 11:00:00,EXC002,OP2001,6403.9,0.8,0,52.7,Fastened,No,synthetic,CAT 325,43.6,Clay,50.7,60.0,America/Chicago,data-001-v1,42
2025-06-05 12:00:00,EXC002,OP1001,6404.5,5.0,6,32.5,Fastened,No,synthetic,CAT 325,30.9,Gravel,29.2,60.0,America/Chicago,data-001-v1,42
2025-06-05 13:00:00,EXC002,OP2001,6405.4,8.7,18,10.1,Fastened,No,synthetic,CAT 325,28.4,Clay,27.7,60.0,America/Chicago,data-001-v1,42
2025-06-05 14:00:00,EXC002,OP1001,6406.0,5.7,6,37.2,Fastened,No,synthetic,CAT 325,29.6,Loam,42.8,60.0,America/Chicago,data-001-v1,42
2025-06-05 15:00:00,EXC002,OP2001,6406.9,8.2,16,12.6,Fastened,No,synthetic,CAT 325,32.3,Gravel,48.0,60.0,America/Chicago,data-001-v1,42
2025-06-05 16:00:00,EXC002,OP1001,6407.5,0.9,0,53.9,Fastened,No,synthetic,CAT 325,27.5,Loam,17.7,60.0,America/Chicago,data-001-v1,42
2025-06-05 17:00:00,EXC002,OP2001,6408.2,0.9,0,54.3,Fastened,No,synthetic,CAT 325,30.0,Clay,31.2,60.0,America/Chicago,data-001-v1,42
2025-06-06 06:00:00,EXC001,OP1001,1740.0,5.8,8,29.5,Fastened,No,synthetic,CAT 325,37.9,Sand,40.7,60.0,America/Chicago,data-001-v1,42
2025-06-06 07:00:00,EXC001,OP2001,1740.8,6.8,15,10.4,Fastened,No,synthetic,CAT 325,31.6,Loam,42.9,60.0,America/Chicago,data-001-v1,42
2025-06-06 08:00:00,EXC001,OP1001,1741.5,3.8,4,48.7,Fastened,No,synthetic,CAT 325,31.9,Gravel,56.2,60.0,America/Chicago,data-001-v1,42
2025-06-06 09:00:00,EXC001,OP2001,1742.2,7.9,16,8.1,Fastened,No,synthetic,CAT 325,35.2,Clay,42.4,60.0,America/Chicago,data-001-v1,42
2025-06-06 10:00:00,EXC001,OP1001,1742.8,6.5,12,21.6,Fastened,No,synthetic,CAT 325,31.7,Clay,46.1,60.0,America/Chicago,data-001-v1,42
2025-06-06 11:00:00,EXC001,OP2001,1743.7,8.9,16,6.8,Fastened,No,synthetic,CAT 325,20.2,Gravel,46.2,60.0,America/Chicago,data-001-v1,42
2025-06-06 12:00:00,EXC001,OP1001,1744.5,4.4,8,34.5,Fastened,No,synthetic,CAT 325,33.7,Clay,9.7,60.0,America/Chicago,data-001-v1,42
2025-06-06 13:00:00,EXC001,OP2001,1745.2,6.6,13,22.5,Fastened,No,synthetic,CAT 325,33.1,Loam,20.9,60.0,America/Chicago,data-001-v1,42
2025-06-06 14:00:00,EXC001,OP1001,1745.9,0.5,0,50.1,Fastened,No,synthetic,CAT 325,24.8,Sand,65.8,60.0,America/Chicago,data-001-v1,42
2025-06-06 15:00:00,EXC001,OP2001,1746.7,7.0,13,16.4,Fastened,No,synthetic,CAT 325,35.6,Loam,54.5,60.0,America/Chicago,data-001-v1,42
2025-06-06 16:00:00,EXC001,OP1001,1747.6,7.6,13,21.5,Fastened,No,synthetic,CAT 325,33.1,Loam,46.4,60.0,America/Chicago,data-001-v1,42
2025-06-06 17:00:00,EXC001,OP2001,1748.4,6.4,11,24.7,Fastened,No,synthetic,CAT 325,35.3,Loam,39.5,60.0,America/Chicago,data-001-v1,42
2025-06-06 06:00:00,EXC002,OP1001,6408.8,4.8,7,35.4,Fastened,No,synthetic,CAT 325,31.4,Loam,11.9,60.0,America/Chicago,data-001-v1,42
2025-06-06 07:00:00,EXC002,OP2001,6409.7,7.7,14,14.5,Fastened,No,synthetic,CAT 325,31.3,Gravel,23.9,60.0,America/Chicago,data-001-v1,42
2025-06-06 08:00:00,EXC002,OP1001,6410.5,8.8,18,11.4,Fastened,No,synthetic,CAT 325,19.7,Gravel,31.4,60.0,America/Chicago,data-001-v1,42
2025-06-06 09:00:00,EXC002,OP2001,6411.4,8.2,15,15.2,Fastened,No,synthetic,CAT 325,24.2,Clay,64.8,60.0,America/Chicago,data-001-v1,42
2025-06-06 10:00:00,EXC002,OP1001,6412.1,4.8,4,48.4,Fastened,No,synthetic,CAT 325,31.4,Loam,18.4,60.0,America/Chicago,data-001-v1,42
2025-06-06 11:00:00,EXC002,OP2001,6412.9,6.5,11,22.6,Fastened,No,synthetic,CAT 325,29.1,Clay,25.6,60.0,America/Chicago,data-001-v1,42
2025-06-06 12:00:00,EXC002,OP1001,6413.5,4.7,4,49.0,Fastened,No,synthetic,CAT 325,24.8,Gravel,35.2,60.0,America/Chicago,data-001-v1,42
2025-06-06 13:00:00,EXC002,OP2001,6414.2,5.5,7,39.7,Fastened,Yes,synthetic,CAT 325,26.7,Loam,19.3,60.0,America/Chicago,data-001-v1,42
2025-06-06 14:00:00,EXC002,OP1001,6415.2,8.6,16,8.3,Fastened,No,synthetic,CAT 325,31.7,Loam,25.4,60.0,America/Chicago,data-001-v1,42
2025-06-06 15:00:00,EXC002,OP2001,6416.0,6.2,13,19.3,Fastened,No,synthetic,CAT 325,24.7,Gravel,45.5,60.0,America/Chicago,data-001-v1,42
2025-06-06 16:00:00,EXC002,OP1001,6416.6,6.7,14,16.1,Fastened,No,synthetic,CAT 325,39.9,Loam,28.8,60.0,America/Chicago,data-001-v1,42
2025-06-06 17:00:00,EXC002,OP2001,6417.3,7.6,15,14.9,Fastened,No,synthetic,CAT 325,31.3,Loam,65.5,60.0,America/Chicago,data-001-v1,42
2025-06-09 06:00:00,EXC001,OP1001,1749.1,0.8,0,52.8,Fastened,No,synthetic,CAT 325,28.3,Loam,53.4,60.0,America/Chicago,data-001-v1,42
2025-06-09 07:00:00,EXC001,OP2001,1750.0,6.3,15,14.1,Fastened,No,synthetic,CAT 325,31.7,Gravel,52.0,60.0,America/Chicago,data-001-v1,42
2025-06-09 08:00:00,EXC001,OP1001,1750.9,8.1,16,12.8,Fastened,No,synthetic,CAT 325,31.0,Loam,40.1,60.0,America/Chicago,data-001-v1,42
2025-06-09 09:00:00,EXC001,OP2001,1751.6,6.3,7,36.3,Fastened,No,synthetic,CAT 325,28.3,Gravel,11.3,60.0,America/Chicago,data-001-v1,42
2025-06-09 10:00:00,EXC001,OP1001,1752.3,6.0,15,10.3,Fastened,No,synthetic,CAT 325,38.2,Loam,26.8,60.0,America/Chicago,data-001-v1,42
2025-06-09 11:00:00,EXC001,OP2001,1753.1,4.1,6,38.1,Fastened,No,synthetic,CAT 325,29.1,Gravel,23.7,60.0,America/Chicago,data-001-v1,42
2025-06-09 12:00:00,EXC001,OP1001,1753.8,3.7,6,34.4,Fastened,No,synthetic,CAT 325,22.9,Sand,61.3,60.0,America/Chicago,data-001-v1,42
2025-06-09 13:00:00,EXC001,OP2001,1754.6,7.8,16,9.5,Fastened,No,synthetic,CAT 325,31.7,Sand,46.5,60.0,America/Chicago,data-001-v1,42
2025-06-09 14:00:00,EXC001,OP1001,1755.4,4.0,9,29.9,Fastened,No,synthetic,CAT 325,31.6,Sand,48.8,60.0,America/Chicago,data-001-v1,42
2025-06-09 15:00:00,EXC001,OP2001,1756.1,0.8,0,46.3,Fastened,Yes,synthetic,CAT 325,18.4,Clay,15.0,60.0,America/Chicago,data-001-v1,42
2025-06-09 16:00:00,EXC001,OP1001,1756.9,4.4,9,25.6,Fastened,No,synthetic,CAT 325,13.4,Loam,42.1,60.0,America/Chicago,data-001-v1,42
2025-06-09 17:00:00,EXC001,OP2001,1757.6,5.7,5,41.4,Fastened,No,synthetic,CAT 325,31.2,Sand,52.6,60.0,America/Chicago,data-001-v1,42
2025-06-09 06:00:00,EXC002,OP1001,6418.0,4.8,5,39.0,Fastened,No,synthetic,CAT 325,37.2,Loam,49.5,60.0,America/Chicago,data-001-v1,42
2025-06-09 07:00:00,EXC002,OP2001,6418.6,4.9,8,31.6,Fastened,No,synthetic,CAT 325,32.0,Loam,39.8,60.0,America/Chicago,data-001-v1,42
2025-06-09 08:00:00,EXC002,OP1001,6419.4,4.6,5,37.9,Fastened,No,synthetic,CAT 325,25.9,Sand,36.7,60.0,America/Chicago,data-001-v1,42
2025-06-09 09:00:00,EXC002,OP2001,6420.1,4.2,7,35.3,Fastened,No,synthetic,CAT 325,25.7,Clay,7.2,60.0,America/Chicago,data-001-v1,42
2025-06-09 10:00:00,EXC002,OP1001,6420.9,0.7,0,45.8,Fastened,No,synthetic,CAT 325,31.8,Clay,36.8,60.0,America/Chicago,data-001-v1,42
2025-06-09 11:00:00,EXC002,OP2001,6421.7,5.6,10,23.1,Fastened,No,synthetic,CAT 325,21.0,Clay,52.2,60.0,America/Chicago,data-001-v1,42
2025-06-09 12:00:00,EXC002,OP1001,6422.3,0.9,0,45.3,Fastened,No,synthetic,CAT 325,30.2,Clay,36.5,60.0,America/Chicago,data-001-v1,42
2025-06-09 13:00:00,EXC002,OP2001,6423.0,3.1,3,42.1,Fastened,No,synthetic,CAT 325,28.2,Sand,32.6,60.0,America/Chicago,data-001-v1,42
2025-06-09 14:00:00,EXC002,OP1001,6423.7,4.3,4,40.1,Unfastened,No,synthetic,CAT 325,37.3,Sand,45.3,60.0,America/Chicago,data-001-v1,42
2025-06-09 15:00:00,EXC002,OP2001,6424.4,7.9,17,10.1,Fastened,No,synthetic,CAT 325,30.0,Sand,21.9,60.0,America/Chicago,data-001-v1,42
2025-06-09 16:00:00,EXC002,OP1001,6425.2,5.6,11,23.1,Fastened,No,synthetic,CAT 325,39.9,Gravel,20.5,60.0,America/Chicago,data-001-v1,42
2025-06-09 17:00:00,EXC002,OP2001,6426.0,8.6,17,6.1,Fastened,No,synthetic,CAT 325,26.7,Gravel,25.6,60.0,America/Chicago,data-001-v1,42
2025-06-10 06:00:00,EXC001,OP1001,1758.4,7.2,14,17.0,Fastened,No,synthetic,CAT 325,23.5,Clay,12.1,60.0,America/Chicago,data-001-v1,42
2025-06-10 07:00:00,EXC001,OP2001,1759.1,5.0,5,40.2,Fastened,No,synthetic,CAT 325,29.0,Sand,38.7,60.0,America/Chicago,data-001-v1,42
2025-06-10 08:00:00,EXC001,OP1001,1759.9,7.4,15,15.0,Fastened,No,synthetic,CAT 325,28.2,Sand,15.9,60.0,America/Chicago,data-001-v1,42
2025-06-10 09:00:00,EXC001,OP2001,1760.6,4.7,4,46.0,Unfastened,No,synthetic,CAT 325,30.7,Loam,9.7,60.0,America/Chicago,data-001-v1,42
2025-06-10 10:00:00,EXC001,OP1001,1761.5,7.8,18,0.8,Fastened,No,synthetic,CAT 325,39.7,Sand,29.4,60.0,America/Chicago,data-001-v1,42
2025-06-10 11:00:00,EXC001,OP2001,1762.2,6.8,12,20.4,Fastened,No,synthetic,CAT 325,39.3,Loam,35.8,60.0,America/Chicago,data-001-v1,42
2025-06-10 12:00:00,EXC001,OP1001,1762.9,0.6,0,52.2,Fastened,No,synthetic,CAT 325,22.2,Sand,6.2,60.0,America/Chicago,data-001-v1,42
2025-06-10 13:00:00,EXC001,OP2001,1763.5,0.8,0,50.7,Fastened,No,synthetic,CAT 325,28.5,Clay,15.0,60.0,America/Chicago,data-001-v1,42
2025-06-10 14:00:00,EXC001,OP1001,1764.1,3.7,5,45.0,Unfastened,Yes,synthetic,CAT 325,30.5,Gravel,24.4,60.0,America/Chicago,data-001-v1,42
2025-06-10 15:00:00,EXC001,OP2001,1764.7,4.5,4,48.0,Fastened,No,synthetic,CAT 325,23.8,Clay,38.9,60.0,America/Chicago,data-001-v1,42
2025-06-10 16:00:00,EXC001,OP1001,1765.5,5.7,12,26.1,Fastened,No,synthetic,CAT 325,34.4,Sand,40.8,60.0,America/Chicago,data-001-v1,42
2025-06-10 17:00:00,EXC001,OP2001,1766.2,3.8,6,36.9,Fastened,No,synthetic,CAT 325,25.9,Gravel,14.3,60.0,America/Chicago,data-001-v1,42
2025-06-10 06:00:00,EXC002,OP1001,6426.7,6.0,14,19.7,Fastened,No,synthetic,CAT 325,28.5,Clay,46.0,60.0,America/Chicago,data-001-v1,42
2025-06-10 07:00:00,EXC002,OP2001,6427.5,6.0,10,35.8,Unfastened,Yes,synthetic,CAT 325,32.7,Sand,7.5,60.0,America/Chicago,data-001-v1,42
2025-06-10 08:00:00,EXC002,OP1001,6428.1,6.2,10,20.5,Fastened,No,synthetic,CAT 325,33.2,Loam,33.9,60.0,America/Chicago,data-001-v1,42
2025-06-10 09:00:00,EXC002,OP2001,6428.8,0.7,0,45.1,Unfastened,Yes,synthetic,CAT 325,36.3,Clay,23.9,60.0,America/Chicago,data-001-v1,42
2025-06-10 10:00:00,EXC002,OP1001,6429.5,0.5,0,51.0,Unfastened,Yes,synthetic,CAT 325,28.6,Clay,5.6,60.0,America/Chicago,data-001-v1,42
2025-06-10 11:00:00,EXC002,OP2001,6430.2,6.9,18,5.6,Fastened,No,synthetic,CAT 325,27.2,Loam,8.5,60.0,America/Chicago,data-001-v1,42
2025-06-10 12:00:00,EXC002,OP1001,6430.9,3.3,4,42.4,Fastened,No,synthetic,CAT 325,33.9,Gravel,43.9,60.0,America/Chicago,data-001-v1,42
2025-06-10 13:00:00,EXC002,OP2001,6431.4,0.6,0,52.2,Fastened,No,synthetic,CAT 325,33.1,Clay,31.5,60.0,America/Chicago,data-001-v1,42
2025-06-10 14:00:00,EXC002,OP1001,6432.1,5.6,11,25.0,Fastened,No,synthetic,CAT 325,24.6,Sand,35.1,60.0,America/Chicago,data-001-v1,42
2025-06-10 15:00:00,EXC002,OP2001,6432.9,5.3,4,43.6,Fastened,No,synthetic,CAT 325,31.8,Clay,20.2,60.0,America/Chicago,data-001-v1,42
2025-06-10 16:00:00,EXC002,OP1001,6433.6,7.9,14,17.2,Fastened,No,synthetic,CAT 325,26.9,Clay,20.8,60.0,America/Chicago,data-001-v1,42
2025-06-10 17:00:00,EXC002,OP2001,6434.2,0.5,0,45.8,Fastened,No,synthetic,CAT 325,33.1,Sand,57.6,60.0,America/Chicago,data-001-v1,42
2025-06-11 06:00:00,EXC001,OP1001,1766.9,6.5,12,16.8,Fastened,No,synthetic,CAT 325,29.1,Loam,30.1,60.0,America/Chicago,data-001-v1,42
2025-06-11 07:00:00,EXC001,OP2001,1767.7,6.1,12,23.8,Fastened,No,synthetic,CAT 325,27.2,Sand,15.6,60.0,America/Chicago,data-001-v1,42
2025-06-11 08:00:00,EXC001,OP1001,1768.3,4.4,3,43.5,Fastened,No,synthetic,CAT 325,27.4,Loam,14.5,60.0,America/Chicago,data-001-v1,42
2025-06-11 09:00:00,EXC001,OP2001,1769.0,4.5,11,19.6,Unfastened,Yes,synthetic,CAT 325,23.5,Loam,41.7,60.0,America/Chicago,data-001-v1,42
2025-06-11 10:00:00,EXC001,OP1001,1769.8,7.1,11,25.3,Fastened,No,synthetic,CAT 325,33.7,Clay,33.3,60.0,America/Chicago,data-001-v1,42
2025-06-11 11:00:00,EXC001,OP2001,1770.6,6.6,11,25.0,Fastened,No,synthetic,CAT 325,28.5,Sand,54.0,60.0,America/Chicago,data-001-v1,42
2025-06-11 12:00:00,EXC001,OP1001,1771.3,6.9,12,21.2,Unfastened,Yes,synthetic,CAT 325,31.7,Sand,33.4,60.0,America/Chicago,data-001-v1,42
2025-06-11 13:00:00,EXC001,OP2001,1772.0,8.6,17,9.7,Fastened,No,synthetic,CAT 325,27.9,Sand,50.7,60.0,America/Chicago,data-001-v1,42
2025-06-11 14:00:00,EXC001,OP1001,1772.9,6.8,16,2.1,Fastened,No,synthetic,CAT 325,22.4,Clay,36.4,60.0,America/Chicago,data-001-v1,42
2025-06-11 15:00:00,EXC001,OP2001,1773.5,4.3,3,52.2,Fastened,No,synthetic,CAT 325,24.6,Gravel,10.9,60.0,America/Chicago,data-001-v1,42
2025-06-11 16:00:00,EXC001,OP1001,1774.2,5.8,9,30.5,Fastened,No,synthetic,CAT 325,28.3,Gravel,48.1,60.0,America/Chicago,data-001-v1,42
2025-06-11 17:00:00,EXC001,OP2001,1775.0,7.4,13,18.7,Fastened,No,synthetic,CAT 325,36.7,Clay,35.6,60.0,America/Chicago,data-001-v1,42
2025-06-11 06:00:00,EXC002,OP1001,6435.0,4.7,9,26.8,Fastened,No,synthetic,CAT 325,32.5,Sand,22.4,60.0,America/Chicago,data-001-v1,42
2025-06-11 07:00:00,EXC002,OP2001,6435.6,6.6,9,28.0,Fastened,No,synthetic,CAT 325,26.1,Gravel,38.9,60.0,America/Chicago,data-001-v1,42
2025-06-11 08:00:00,EXC002,OP1001,6436.3,6.1,12,27.0,Fastened,No,synthetic,CAT 325,31.2,Sand,28.5,60.0,America/Chicago,data-001-v1,42
2025-06-11 09:00:00,EXC002,OP2001,6437.1,5.8,15,11.2,Fastened,No,synthetic,CAT 325,23.1,Gravel,8.9,60.0,America/Chicago,data-001-v1,42
2025-06-11 10:00:00,EXC002,OP1001,6437.8,2.4,4,40.0,Fastened,No,synthetic,CAT 325,23.6,Loam,14.3,60.0,America/Chicago,data-001-v1,42
2025-06-11 11:00:00,EXC002,OP2001,6438.5,3.0,4,46.1,Fastened,No,synthetic,CAT 325,21.0,Gravel,41.7,60.0,America/Chicago,data-001-v1,42
2025-06-11 12:00:00,EXC002,OP1001,6439.1,3.5,3,48.6,Fastened,No,synthetic,CAT 325,18.7,Sand,39.5,60.0,America/Chicago,data-001-v1,42
2025-06-11 13:00:00,EXC002,OP2001,6439.9,2.9,4,42.4,Fastened,No,synthetic,CAT 325,36.1,Sand,24.0,60.0,America/Chicago,data-001-v1,42
2025-06-11 14:00:00,EXC002,OP1001,6440.5,5.6,8,34.2,Fastened,No,synthetic,CAT 325,27.4,Sand,52.2,60.0,America/Chicago,data-001-v1,42
2025-06-11 15:00:00,EXC002,OP2001,6441.2,5.1,10,31.7,Fastened,No,synthetic,CAT 325,39.9,Loam,29.9,60.0,America/Chicago,data-001-v1,42
2025-06-11 16:00:00,EXC002,OP1001,6441.9,6.5,14,19.3,Fastened,No,synthetic,CAT 325,34.5,Loam,15.3,60.0,America/Chicago,data-001-v1,42
2025-06-11 17:00:00,EXC002,OP2001,6442.5,4.2,5,45.2,Fastened,No,synthetic,CAT 325,35.1,Sand,39.5,60.0,America/Chicago,data-001-v1,42
2025-06-12 06:00:00,EXC001,OP1001,1775.7,0.6,0,49.2,Fastened,No,synthetic,CAT 325,31.6,Loam,14.1,60.0,America/Chicago,data-001-v1,42
2025-06-12 07:00:00,EXC001,OP2001,1776.3,4.5,4,44.6,Fastened,No,synthetic,CAT 325,28.3,Gravel,18.1,60.0,America/Chicago,data-001-v1,42
2025-06-12 08:00:00,EXC001,OP1001,1777.1,7.6,16,10.2,Fastened,No,synthetic,CAT 325,34.7,Clay,24.9,60.0,America/Chicago,data-001-v1,42
2025-06-12 09:00:00,EXC001,OP2001,1777.8,5.4,12,16.2,Unfastened,No,synthetic,CAT 325,35.8,Sand,47.4,60.0,America/Chicago,data-001-v1,42
2025-06-12 10:00:00,EXC001,OP1001,1778.4,5.8,5,40.0,Fastened,Yes,synthetic,CAT 325,32.3,Loam,16.7,60.0,America/Chicago,data-001-v1,42
2025-06-12 11:00:00,EXC001,OP2001,1779.2,6.3,13,15.0,Fastened,No,synthetic,CAT 325,27.6,Sand,28.0,60.0,America/Chicago,data-001-v1,42
2025-06-12 12:00:00,EXC001,OP1001,1779.9,6.2,16,13.2,Unfastened,No,synthetic,CAT 325,33.3,Loam,27.1,60.0,America/Chicago,data-001-v1,42
2025-06-12 13:00:00,EXC001,OP2001,1780.5,3.0,4,43.5,Fastened,No,synthetic,CAT 325,31.7,Loam,18.2,60.0,America/Chicago,data-001-v1,42
2025-06-12 14:00:00,EXC001,OP1001,1781.3,6.7,12,24.8,Fastened,No,synthetic,CAT 325,26.5,Clay,52.3,60.0,America/Chicago,data-001-v1,42
2025-06-12 15:00:00,EXC001,OP2001,1782.2,8.5,17,7.5,Fastened,No,synthetic,CAT 325,29.6,Clay,11.6,60.0,America/Chicago,data-001-v1,42
2025-06-12 16:00:00,EXC001,OP1001,1783.0,8.2,16,13.1,Fastened,No,synthetic,CAT 325,22.8,Sand,9.5,60.0,America/Chicago,data-001-v1,42
2025-06-12 17:00:00,EXC001,OP2001,1783.6,4.1,7,33.7,Fastened,No,synthetic,CAT 325,26.7,Loam,30.8,60.0,America/Chicago,data-001-v1,42
2025-06-12 06:00:00,EXC002,OP1001,6443.2,5.7,5,44.0,Fastened,No,synthetic,CAT 325,23.8,Clay,10.3,60.0,America/Chicago,data-001-v1,42
2025-06-12 07:00:00,EXC002,OP2001,6444.0,5.2,10,28.3,Fastened,No,synthetic,CAT 325,32.1,Sand,38.8,60.0,America/Chicago,data-001-v1,42
2025-06-12 08:00:00,EXC002,OP1001,6444.7,4.5,7,32.1,Fastened,No,synthetic,CAT 325,32.7,Loam,52.2,60.0,America/Chicago,data-001-v1,42
2025-06-12 09:00:00,EXC002,OP2001,6445.3,4.7,5,47.1,Fastened,No,synthetic,CAT 325,34.5,Sand,40.3,60.0,America/Chicago,data-001-v1,42
2025-06-12 10:00:00,EXC002,OP1001,6446.0,0.9,0,48.1,Fastened,No,synthetic,CAT 325,30.5,Sand,30.4,60.0,America/Chicago,data-001-v1,42
2025-06-12 11:00:00,EXC002,OP2001,6446.7,4.8,5,35.0,Fastened,No,synthetic,CAT 325,19.7,Loam,20.5,60.0,America/Chicago,data-001-v1,42
2025-06-12 12:00:00,EXC002,OP1001,6447.3,6.2,10,25.5,Fastened,No,synthetic,CAT 325,27.0,Sand,25.0,60.0,America/Chicago,data-001-v1,42
2025-06-12 13:00:00,EXC002,OP2001,6448.0,7.7,18,4.7,Fastened,No,synthetic,CAT 325,27.6,Sand,15.9,60.0,America/Chicago,data-001-v1,42
2025-06-12 14:00:00,EXC002,OP1001,6448.6,5.9,7,35.9,Fastened,No,synthetic,CAT 325,37.6,Clay,11.6,60.0,America/Chicago,data-001-v1,42
2025-06-12 15:00:00,EXC002,OP2001,6449.2,3.3,5,45.9,Fastened,Yes,synthetic,CAT 325,32.7,Clay,20.7,60.0,America/Chicago,data-001-v1,42
2025-06-12 16:00:00,EXC002,OP1001,6450.0,6.8,16,13.5,Fastened,No,synthetic,CAT 325,32.4,Loam,30.9,60.0,America/Chicago,data-001-v1,42
2025-06-12 17:00:00,EXC002,OP2001,6450.5,1.0,0,51.4,Fastened,No,synthetic,CAT 325,28.5,Sand,9.0,60.0,America/Chicago,data-001-v1,42
2025-06-13 06:00:00,EXC001,OP1001,1784.5,7.2,13,21.7,Fastened,No,synthetic,CAT 325,21.1,Sand,46.4,60.0,America/Chicago,data-001-v1,42
2025-06-13 07:00:00,EXC001,OP2001,1785.1,4.4,6,41.3,Fastened,No,synthetic,CAT 325,28.4,Clay,48.8,60.0,America/Chicago,data-001-v1,42
2025-06-13 08:00:00,EXC001,OP1001,1785.8,5.9,6,36.9,Fastened,No,synthetic,CAT 325,29.7,Sand,69.5,60.0,America/Chicago,data-001-v1,42
2025-06-13 09:00:00,EXC001,OP2001,1786.4,4.3,4,46.0,Fastened,No,synthetic,CAT 325,35.6,Clay,26.7,60.0,America/Chicago,data-001-v1,42
2025-06-13 10:00:00,EXC001,OP1001,1787.0,4.8,3,54.0,Fastened,No,synthetic,CAT 325,32.8,Sand,10.0,60.0,America/Chicago,data-001-v1,42
2025-06-13 11:00:00,EXC001,OP2001,1787.7,4.1,5,44.7,Fastened,No,synthetic,CAT 325,26.4,Loam,24.7,60.0,America/Chicago,data-001-v1,42
2025-06-13 12:00:00,EXC001,OP1001,1788.3,3.7,3,45.6,Fastened,No,synthetic,CAT 325,29.9,Loam,27.2,60.0,America/Chicago,data-001-v1,42
2025-06-13 13:00:00,EXC001,OP2001,1789.1,7.7,18,7.3,Unfastened,Yes,synthetic,CAT 325,33.5,Clay,10.7,60.0,America/Chicago,data-001-v1,42
2025-06-13 14:00:00,EXC001,OP1001,1789.7,4.7,8,36.1,Fastened,No,synthetic,CAT 325,33.4,Clay,44.1,60.0,America/Chicago,data-001-v1,42
2025-06-13 15:00:00,EXC001,OP2001,1790.4,6.2,7,30.5,Fastened,No,synthetic,CAT 325,30.4,Sand,23.1,60.0,America/Chicago,data-001-v1,42
2025-06-13 16:00:00,EXC001,OP1001,1791.2,4.8,8,31.3,Fastened,Yes,synthetic,CAT 325,34.4,Clay,44.2,60.0,America/Chicago,data-001-v1,42
2025-06-13 17:00:00,EXC001,OP2001,1792.1,6.1,15,10.7,Fastened,No,synthetic,CAT 325,24.3,Clay,65.1,60.0,America/Chicago,data-001-v1,42
2025-06-13 06:00:00,EXC002,OP1001,6451.1,4.0,5,43.1,Fastened,No,synthetic,CAT 325,36.5,Gravel,15.7,60.0,America/Chicago,data-001-v1,42
2025-06-13 07:00:00,EXC002,OP2001,6451.8,5.4,13,18.6,Fastened,No,synthetic,CAT 325,34.0,Loam,69.8,60.0,America/Chicago,data-001-v1,42
2025-06-13 08:00:00,EXC002,OP1001,6452.5,0.8,0,47.6,Fastened,No,synthetic,CAT 325,30.6,Loam,6.0,60.0,America/Chicago,data-001-v1,42
2025-06-13 09:00:00,EXC002,OP2001,6453.3,5.7,10,28.4,Fastened,No,synthetic,CAT 325,21.6,Sand,16.8,60.0,America/Chicago,data-001-v1,42
2025-06-13 10:00:00,EXC002,OP1001,6454.0,0.9,0,47.9,Unfastened,Yes,synthetic,CAT 325,29.1,Sand,18.0,60.0,America/Chicago,data-001-v1,42
2025-06-13 11:00:00,EXC002,OP2001,6454.9,8.7,16,11.2,Fastened,No,synthetic,CAT 325,30.3,Loam,51.8,60.0,America/Chicago,data-001-v1,42
2025-06-13 12:00:00,EXC002,OP1001,6455.6,5.3,5,38.4,Fastened,No,synthetic,CAT 325,34.1,Clay,25.5,60.0,America/Chicago,data-001-v1,42
2025-06-13 13:00:00,EXC002,OP2001,6456.4,6.3,9,30.2,Fastened,No,synthetic,CAT 325,28.3,Loam,34.6,60.0,America/Chicago,data-001-v1,42
2025-06-13 14:00:00,EXC002,OP1001,6457.0,6.1,11,23.9,Fastened,No,synthetic,CAT 325,31.0,Loam,36.6,60.0,America/Chicago,data-001-v1,42
2025-06-13 15:00:00,EXC002,OP2001,6457.7,3.2,4,43.8,Fastened,No,synthetic,CAT 325,36.0,Loam,33.2,60.0,America/Chicago,data-001-v1,42
2025-06-13 16:00:00,EXC002,OP1001,6458.7,7.8,17,8.7,Fastened,No,synthetic,CAT 325,33.6,Loam,23.3,60.0,America/Chicago,data-001-v1,42
2025-06-13 17:00:00,EXC002,OP2001,6459.5,6.9,14,17.3,Fastened,No,synthetic,CAT 325,27.0,Sand,40.9,60.0,America/Chicago,data-001-v1,42
2025-06-16 06:00:00,EXC001,OP1001,1792.7,5.0,7,32.4,Fastened,No,synthetic,CAT 325,24.9,Gravel,37.2,60.0,America/Chicago,data-001-v1,42
2025-06-16 07:00:00,EXC001,OP2001,1793.5,8.4,17,1.3,Fastened,No,synthetic,CAT 325,26.2,Clay,49.9,60.0,America/Chicago,data-001-v1,42
2025-06-16 08:00:00,EXC001,OP1001,1794.1,0.7,0,53.9,Fastened,No,synthetic,CAT 325,26.0,Sand,9.1,60.0,America/Chicago,data-001-v1,42
2025-06-16 09:00:00,EXC001,OP2001,1794.7,4.4,5,45.2,Fastened,No,synthetic,CAT 325,29.1,Clay,54.1,60.0,America/Chicago,data-001-v1,42
2025-06-16 10:00:00,EXC001,OP1001,1795.5,7.6,14,20.4,Fastened,No,synthetic,CAT 325,33.7,Gravel,30.0,60.0,America/Chicago,data-001-v1,42
2025-06-16 11:00:00,EXC001,OP2001,1796.3,6.8,13,21.7,Fastened,No,synthetic,CAT 325,20.2,Gravel,10.4,60.0,America/Chicago,data-001-v1,42
2025-06-16 12:00:00,EXC001,OP1001,1797.1,5.2,8,32.7,Unfastened,No,synthetic,CAT 325,39.9,Sand,36.9,60.0,America/Chicago,data-001-v1,42
2025-06-16 13:00:00,EXC001,OP2001,1798.0,7.4,13,19.0,Fastened,No,synthetic,CAT 325,30.7,Sand,40.1,60.0,America/Chicago,data-001-v1,42
2025-06-16 14:00:00,EXC001,OP1001,1798.7,6.8,13,17.2,Fastened,No,synthetic,CAT 325,37.1,Loam,53.8,60.0,America/Chicago,data-001-v1,42
2025-06-16 15:00:00,EXC001,OP2001,1799.4,6.3,16,10.6,Fastened,No,synthetic,CAT 325,31.2,Sand,22.0,60.0,America/Chicago,data-001-v1,42
2025-06-16 16:00:00,EXC001,OP1001,1800.2,3.6,6,35.0,Fastened,No,synthetic,CAT 325,37.9,Gravel,40.7,60.0,America/Chicago,data-001-v1,42
2025-06-16 17:00:00,EXC001,OP2001,1801.0,4.5,8,31.6,Unfastened,Yes,synthetic,CAT 325,24.0,Loam,50.1,60.0,America/Chicago,data-001-v1,42
2025-06-16 06:00:00,EXC002,OP1001,6460.1,6.5,8,39.4,Fastened,Yes,synthetic,CAT 325,25.0,Loam,47.2,60.0,America/Chicago,data-001-v1,42
2025-06-16 07:00:00,EXC002,OP2001,6460.8,1.0,0,49.5,Fastened,No,synthetic,CAT 325,28.8,Clay,31.6,60.0,America/Chicago,data-001-v1,42
2025-06-16 08:00:00,EXC002,OP1001,6461.7,6.6,11,26.0,Unfastened,Yes,synthetic,CAT 325,29.4,Gravel,49.9,60.0,America/Chicago,data-001-v1,42
2025-06-16 09:00:00,EXC002,OP2001,6462.4,3.9,6,38.6,Fastened,No,synthetic,CAT 325,32.7,Sand,9.6,60.0,America/Chicago,data-001-v1,42
2025-06-16 10:00:00,EXC002,OP1001,6463.2,5.8,11,21.6,Fastened,No,synthetic,CAT 325,35.8,Clay,27.1,60.0,America/Chicago,data-001-v1,42
2025-06-16 11:00:00,EXC002,OP2001,6464.0,6.6,16,10.3,Fastened,No,synthetic,CAT 325,39.5,Clay,35.0,60.0,America/Chicago,data-001-v1,42
2025-06-16 12:00:00,EXC002,OP1001,6464.6,4.9,8,38.5,Fastened,No,synthetic,CAT 325,26.5,Sand,34.0,60.0,America/Chicago,data-001-v1,42
2025-06-16 13:00:00,EXC002,OP2001,6465.2,3.1,3,46.3,Fastened,No,synthetic,CAT 325,24.9,Gravel,44.3,60.0,America/Chicago,data-001-v1,42
2025-06-16 14:00:00,EXC002,OP1001,6466.0,5.3,6,37.8,Fastened,No,synthetic,CAT 325,32.1,Clay,66.7,60.0,America/Chicago,data-001-v1,42
2025-06-16 15:00:00,EXC002,OP2001,6466.9,6.2,16,8.3,Unfastened,No,synthetic,CAT 325,32.8,Loam,33.0,60.0,America/Chicago,data-001-v1,42
2025-06-16 16:00:00,EXC002,OP1001,6467.8,8.1,15,14.4,Fastened,No,synthetic,CAT 325,23.3,Clay,19.0,60.0,America/Chicago,data-001-v1,42
2025-06-16 17:00:00,EXC002,OP2001,6468.4,0.8,0,48.0,Fastened,No,synthetic,CAT 325,36.4,Loam,54.7,60.0,America/Chicago,data-001-v1,42
2025-06-17 06:00:00,EXC001,OP1001,1801.8,6.7,15,14.1,Fastened,No,synthetic,CAT 325,35.0,Sand,47.6,60.0,America/Chicago,data-001-v1,42
2025-06-17 07:00:00,EXC001,OP2001,1802.5,6.2,13,23.0,Fastened,No,synthetic,CAT 325,20.7,Loam,12.2,60.0,America/Chicago,data-001-v1,42
2025-06-17 08:00:00,EXC001,OP1001,1803.3,3.7,7,36.9,Fastened,No,synthetic,CAT 325,35.5,Sand,43.8,60.0,America/Chicago,data-001-v1,42
2025-06-17 09:00:00,EXC001,OP2001,1804.2,7.8,17,9.4,Unfastened,Yes,synthetic,CAT 325,35.9,Sand,25.3,60.0,America/Chicago,data-001-v1,42
2025-06-17 10:00:00,EXC001,OP1001,1804.8,1.0,0,51.0,Fastened,No,synthetic,CAT 325,23.7,Sand,27.0,60.0,America/Chicago,data-001-v1,42
2025-06-17 11:00:00,EXC001,OP2001,1805.5,4.5,6,41.8,Fastened,No,synthetic,CAT 325,37.6,Sand,27.1,60.0,America/Chicago,data-001-v1,42
2025-06-17 12:00:00,EXC001,OP1001,1806.1,4.2,5,41.5,Fastened,No,synthetic,CAT 325,29.4,Sand,17.4,60.0,America/Chicago,data-001-v1,42
2025-06-17 13:00:00,EXC001,OP2001,1806.8,4.6,9,26.4,Fastened,No,synthetic,CAT 325,31.5,Clay,32.1,60.0,America/Chicago,data-001-v1,42
2025-06-17 14:00:00,EXC001,OP1001,1807.7,8.4,17,9.5,Fastened,No,synthetic,CAT 325,28.3,Gravel,52.6,60.0,America/Chicago,data-001-v1,42
2025-06-17 15:00:00,EXC001,OP2001,1808.5,4.2,8,39.1,Fastened,No,synthetic,CAT 325,39.5,Gravel,43.9,60.0,America/Chicago,data-001-v1,42
2025-06-17 16:00:00,EXC001,OP1001,1809.1,4.5,6,40.6,Unfastened,Yes,synthetic,CAT 325,33.2,Gravel,54.2,60.0,America/Chicago,data-001-v1,42
2025-06-17 17:00:00,EXC001,OP2001,1809.9,8.9,18,5.3,Fastened,No,synthetic,CAT 325,19.5,Loam,43.3,60.0,America/Chicago,data-001-v1,42
2025-06-17 06:00:00,EXC002,OP1001,6469.0,4.8,7,39.6,Fastened,No,synthetic,CAT 325,29.1,Clay,54.3,60.0,America/Chicago,data-001-v1,42
2025-06-17 07:00:00,EXC002,OP2001,6469.8,5.7,10,25.9,Fastened,No,synthetic,CAT 325,25.6,Loam,6.9,60.0,America/Chicago,data-001-v1,42
2025-06-17 08:00:00,EXC002,OP1001,6470.4,5.8,9,32.9,Fastened,Yes,synthetic,CAT 325,22.9,Gravel,45.4,60.0,America/Chicago,data-001-v1,42
2025-06-17 09:00:00,EXC002,OP2001,6471.0,0.9,0,51.1,Fastened,No,synthetic,CAT 325,39.3,Clay,29.9,60.0,America/Chicago,data-001-v1,42
2025-06-17 10:00:00,EXC002,OP1001,6471.7,7.8,17,7.7,Fastened,No,synthetic,CAT 325,32.1,Loam,22.4,60.0,America/Chicago,data-001-v1,42
2025-06-17 11:00:00,EXC002,OP2001,6472.4,6.9,17,8.0,Fastened,No,synthetic,CAT 325,34.0,Loam,15.6,60.0,America/Chicago,data-001-v1,42
2025-06-17 12:00:00,EXC002,OP1001,6473.2,5.8,13,15.3,Unfastened,No,synthetic,CAT 325,34.0,Sand,36.3,60.0,America/Chicago,data-001-v1,42
2025-06-17 13:00:00,EXC002,OP2001,6473.9,7.7,18,2.9,Fastened,No,synthetic,CAT 325,28.5,Clay,5.8,60.0,America/Chicago,data-001-v1,42
2025-06-17 14:00:00,EXC002,OP1001,6474.7,7.8,15,12.6,Fastened,No,synthetic,CAT 325,32.4,Sand,20.4,60.0,America/Chicago,data-001-v1,42
2025-06-17 15:00:00,EXC002,OP2001,6475.4,5.5,10,26.1,Fastened,No,synthetic,CAT 325,33.3,Sand,43.9,60.0,America/Chicago,data-001-v1,42
2025-06-17 16:00:00,EXC002,OP1001,6476.0,0.7,0,51.7,Fastened,No,synthetic,CAT 325,32.7,Clay,46.4,60.0,America/Chicago,data-001-v1,42
2025-06-17 17:00:00,EXC002,OP2001,6476.8,8.7,17,8.2,Fastened,No,synthetic,CAT 325,17.2,Sand,30.7,60.0,America/Chicago,data-001-v1,42
2025-06-18 06:00:00,EXC001,OP1001,1810.5,0.9,0,48.3,Fastened,No,synthetic,CAT 325,32.0,Sand,35.9,60.0,America/Chicago,data-001-v1,42
2025-06-18 07:00:00,EXC001,OP2001,1811.3,6.0,8,32.5,Fastened,Yes,synthetic,CAT 325,23.3,Gravel,17.0,60.0,America/Chicago,data-001-v1,42
2025-06-18 08:00:00,EXC001,OP1001,1812.1,5.7,13,13.6,Fastened,No,synthetic,CAT 325,38.6,Loam,41.5,60.0,America/Chicago,data-001-v1,42
2025-06-18 09:00:00,EXC001,OP2001,1812.8,7.3,14,17.6,Fastened,No,synthetic,CAT 325,33.9,Gravel,11.8,60.0,America/Chicago,data-001-v1,42
2025-06-18 10:00:00,EXC001,OP1001,1813.5,4.5,9,26.8,Fastened,No,synthetic,CAT 325,20.8,Clay,29.2,60.0,America/Chicago,data-001-v1,42
2025-06-18 11:00:00,EXC001,OP2001,1814.2,5.5,6,35.2,Fastened,No,synthetic,CAT 325,32.9,Sand,22.7,60.0,America/Chicago,data-001-v1,42
2025-06-18 12:00:00,EXC001,OP1001,1815.1,5.0,11,19.7,Fastened,No,synthetic,CAT 325,27.3,Loam,11.7,60.0,America/Chicago,data-001-v1,42
2025-06-18 13:00:00,EXC001,OP2001,1815.7,3.7,5,38.4,Fastened,No,synthetic,CAT 325,21.3,Loam,52.1,60.0,America/Chicago,data-001-v1,42
2025-06-18 14:00:00,EXC001,OP1001,1816.3,4.2,5,43.8,Fastened,No,synthetic,CAT 325,31.1,Gravel,33.9,60.0,America/Chicago,data-001-v1,42
2025-06-18 15:00:00,EXC001,OP2001,1816.9,6.0,8,30.7,Fastened,No,synthetic,CAT 325,25.7,Sand,20.3,60.0,America/Chicago,data-001-v1,42
2025-06-18 16:00:00,EXC001,OP1001,1817.6,0.8,0,51.5,Fastened,Yes,synthetic,CAT 325,36.2,Sand,19.2,60.0,America/Chicago,data-001-v1,42
2025-06-18 17:00:00,EXC001,OP2001,1818.5,9.3,17,11.6,Fastened,No,synthetic,CAT 325,28.0,Loam,40.4,60.0,America/Chicago,data-001-v1,42
2025-06-18 06:00:00,EXC002,OP1001,6477.4,3.2,5,37.2,Unfastened,Yes,synthetic,CAT 325,37.4,Loam,24.4,60.0,America/Chicago,data-001-v1,42
2025-06-18 07:00:00,EXC002,OP2001,6478.0,4.8,7,38.0,Fastened,No,synthetic,CAT 325,28.8,Gravel,31.3,60.0,America/Chicago,data-001-v1,42
2025-06-18 08:00:00,EXC002,OP1001,6478.6,6.7,10,27.4,Fastened,No,synthetic,CAT 325,31.1,Sand,44.4,60.0,America/Chicago,data-001-v1,42
2025-06-18 09:00:00,EXC002,OP2001,6479.3,6.3,8,31.4,Fastened,No,synthetic,CAT 325,39.6,Clay,68.3,60.0,America/Chicago,data-001-v1,42
2025-06-18 10:00:00,EXC002,OP1001,6479.9,3.8,5,40.7,Fastened,No,synthetic,CAT 325,37.1,Loam,48.0,60.0,America/Chicago,data-001-v1,42
2025-06-18 11:00:00,EXC002,OP2001,6480.7,5.5,6,37.1,Fastened,No,synthetic,CAT 325,29.8,Loam,18.3,60.0,America/Chicago,data-001-v1,42
2025-06-18 12:00:00,EXC002,OP1001,6481.5,5.7,13,18.4,Fastened,No,synthetic,CAT 325,30.2,Loam,51.8,60.0,America/Chicago,data-001-v1,42
2025-06-18 13:00:00,EXC002,OP2001,6482.3,6.5,12,25.0,Fastened,No,synthetic,CAT 325,24.6,Sand,28.6,60.0,America/Chicago,data-001-v1,42
2025-06-18 14:00:00,EXC002,OP1001,6483.1,8.1,12,24.9,Fastened,No,synthetic,CAT 325,27.8,Loam,36.2,60.0,America/Chicago,data-001-v1,42
2025-06-18 15:00:00,EXC002,OP2001,6483.7,0.5,0,50.2,Fastened,No,synthetic,CAT 325,28.6,Sand,51.0,60.0,America/Chicago,data-001-v1,42
2025-06-18 16:00:00,EXC002,OP1001,6484.6,7.7,13,16.9,Fastened,No,synthetic,CAT 325,27.7,Clay,32.2,60.0,America/Chicago,data-001-v1,42
2025-06-18 17:00:00,EXC002,OP2001,6485.4,8.2,18,5.3,Fastened,No,synthetic,CAT 325,25.3,Loam,34.9,60.0,America/Chicago,data-001-v1,42
2025-06-19 06:00:00,EXC001,OP1001,1819.2,6.5,11,21.3,Fastened,No,synthetic,CAT 325,20.9,Clay,21.0,60.0,America/Chicago,data-001-v1,42
2025-06-19 07:00:00,EXC001,OP2001,1820.1,8.2,17,4.8,Fastened,No,synthetic,CAT 325,21.5,Loam,23.7,60.0,America/Chicago,data-001-v1,42
2025-06-19 08:00:00,EXC001,OP1001,1820.9,4.7,8,29.7,Fastened,No,synthetic,CAT 325,26.8,Loam,27.4,60.0,America/Chicago,data-001-v1,42
2025-06-19 09:00:00,EXC001,OP2001,1821.4,0.8,0,51.6,Fastened,No,synthetic,CAT 325,26.8,Loam,43.3,60.0,America/Chicago,data-001-v1,42
2025-06-19 10:00:00,EXC001,OP1001,1822.2,9.0,17,6.0,Fastened,No,synthetic,CAT 325,35.0,Sand,32.4,60.0,America/Chicago,data-001-v1,42
2025-06-19 11:00:00,EXC001,OP2001,1822.8,5.0,10,25.0,Fastened,Yes,synthetic,CAT 325,32.0,Clay,36.6,60.0,America/Chicago,data-001-v1,42
2025-06-19 12:00:00,EXC001,OP1001,1823.6,4.2,6,40.7,Fastened,No,synthetic,CAT 325,36.0,Gravel,21.4,60.0,America/Chicago,data-001-v1,42
2025-06-19 13:00:00,EXC001,OP2001,1824.4,5.0,10,27.0,Fastened,No,synthetic,CAT 325,32.9,Loam,63.7,60.0,America/Chicago,data-001-v1,42
2025-06-19 14:00:00,EXC001,OP1001,1825.2,9.2,18,11.9,Fastened,No,synthetic,CAT 325,25.7,Clay,30.6,60.0,America/Chicago,data-001-v1,42
2025-06-19 15:00:00,EXC001,OP2001,1825.7,0.9,0,49.1,Fastened,No,synthetic,CAT 325,33.3,Gravel,41.3,60.0,America/Chicago,data-001-v1,42
2025-06-19 16:00:00,EXC001,OP1001,1826.4,0.8,0,54.8,Fastened,No,synthetic,CAT 325,34.8,Sand,39.8,60.0,America/Chicago,data-001-v1,42
2025-06-19 17:00:00,EXC001,OP2001,1827.0,2.4,4,43.5,Fastened,No,synthetic,CAT 325,31.7,Loam,37.9,60.0,America/Chicago,data-001-v1,42
2025-06-19 06:00:00,EXC002,OP1001,6486.2,5.9,14,11.5,Fastened,No,synthetic,CAT 325,27.6,Loam,45.0,60.0,America/Chicago,data-001-v1,42
2025-06-19 07:00:00,EXC002,OP2001,6487.0,1.0,0,46.5,Fastened,No,synthetic,CAT 325,27.7,Loam,36.7,60.0,America/Chicago,data-001-v1,42
2025-06-19 08:00:00,EXC002,OP1001,6487.6,5.8,4,41.6,Fastened,No,synthetic,CAT 325,32.2,Sand,48.3,60.0,America/Chicago,data-001-v1,42
2025-06-19 09:00:00,EXC002,OP2001,6488.4,7.1,12,19.9,Unfastened,No,synthetic,CAT 325,25.9,Loam,8.6,60.0,America/Chicago,data-001-v1,42
2025-06-19 10:00:00,EXC002,OP1001,6489.1,6.0,14,19.5,Fastened,No,synthetic,CAT 325,27.6,Sand,24.0,60.0,America/Chicago,data-001-v1,42
2025-06-19 11:00:00,EXC002,OP2001,6489.8,7.1,14,13.7,Fastened,No,synthetic,CAT 325,32.3,Sand,30.7,60.0,America/Chicago,data-001-v1,42
2025-06-19 12:00:00,EXC002,OP1001,6490.5,6.7,10,30.2,Fastened,No,synthetic,CAT 325,30.5,Gravel,49.7,60.0,America/Chicago,data-001-v1,42
2025-06-19 13:00:00,EXC002,OP2001,6491.3,7.9,13,15.3,Unfastened,Yes,synthetic,CAT 325,34.6,Sand,18.9,60.0,America/Chicago,data-001-v1,42
2025-06-19 14:00:00,EXC002,OP1001,6492.0,4.4,6,35.4,Fastened,No,synthetic,CAT 325,26.1,Clay,44.3,60.0,America/Chicago,data-001-v1,42
2025-06-19 15:00:00,EXC002,OP2001,6492.7,5.8,8,36.5,Fastened,No,synthetic,CAT 325,28.2,Clay,21.4,60.0,America/Chicago,data-001-v1,42
2025-06-19 16:00:00,EXC002,OP1001,6493.5,5.4,9,32.2,Fastened,No,synthetic,CAT 325,28.8,Clay,28.6,60.0,America/Chicago,data-001-v1,42
2025-06-19 17:00:00,EXC002,OP2001,6494.2,5.2,10,29.1,Fastened,No,synthetic,CAT 325,28.5,Loam,40.8,60.0,America/Chicago,data-001-v1,42
2025-06-20 06:00:00,EXC001,OP1001,1827.6,4.8,7,40.7,Fastened,No,synthetic,CAT 325,35.0,Sand,8.7,60.0,America/Chicago,data-001-v1,42
2025-06-20 07:00:00,EXC001,OP2001,1828.3,4.4,9,28.6,Fastened,No,synthetic,CAT 325,34.4,Loam,21.0,60.0,America/Chicago,data-001-v1,42
2025-06-20 08:00:00,EXC001,OP1001,1829.1,0.9,0,45.7,Fastened,No,synthetic,CAT 325,26.4,Sand,20.0,60.0,America/Chicago,data-001-v1,42
2025-06-20 09:00:00,EXC001,OP2001,1829.9,2.6,3,44.9,Fastened,No,synthetic,CAT 325,32.6,Sand,8.7,60.0,America/Chicago,data-001-v1,42
2025-06-20 10:00:00,EXC001,OP1001,1830.8,7.4,13,16.4,Unfastened,No,synthetic,CAT 325,29.5,Loam,51.2,60.0,America/Chicago,data-001-v1,42
2025-06-20 11:00:00,EXC001,OP2001,1831.7,5.8,9,27.6,Fastened,No,synthetic,CAT 325,30.1,Sand,60.4,60.0,America/Chicago,data-001-v1,42
2025-06-20 12:00:00,EXC001,OP1001,1832.3,1.0,0,45.2,Fastened,No,synthetic,CAT 325,31.6,Loam,47.9,60.0,America/Chicago,data-001-v1,42
2025-06-20 13:00:00,EXC001,OP2001,1833.2,8.4,17,5.1,Fastened,No,synthetic,CAT 325,29.4,Sand,8.4,60.0,America/Chicago,data-001-v1,42
2025-06-20 14:00:00,EXC001,OP1001,1833.9,7.0,11,21.3,Fastened,Yes,synthetic,CAT 325,24.7,Gravel,8.0,60.0,America/Chicago,data-001-v1,42
2025-06-20 15:00:00,EXC001,OP2001,1834.5,5.1,7,35.3,Fastened,No,synthetic,CAT 325,32.2,Sand,61.1,60.0,America/Chicago,data-001-v1,42
2025-06-20 16:00:00,EXC001,OP1001,1835.3,8.6,16,7.9,Fastened,No,synthetic,CAT 325,26.8,Loam,58.5,60.0,America/Chicago,data-001-v1,42
2025-06-20 17:00:00,EXC001,OP2001,1836.1,4.4,6,36.0,Fastened,No,synthetic,CAT 325,37.9,Loam,44.8,60.0,America/Chicago,data-001-v1,42
2025-06-20 06:00:00,EXC002,OP1001,6494.8,5.6,9,32.0,Fastened,No,synthetic,CAT 325,45.0,Sand,46.2,60.0,America/Chicago,data-001-v1,42
2025-06-20 07:00:00,EXC002,OP2001,6495.4,4.8,5,40.5,Fastened,No,synthetic,CAT 325,30.7,Loam,62.7,60.0,America/Chicago,data-001-v1,42
2025-06-20 08:00:00,EXC002,OP1001,6496.1,0.5,0,53.5,Fastened,No,synthetic,CAT 325,26.2,Loam,39.7,60.0,America/Chicago,data-001-v1,42
2025-06-20 09:00:00,EXC002,OP2001,6496.8,4.4,5,37.7,Fastened,No,synthetic,CAT 325,34.0,Sand,59.8,60.0,America/Chicago,data-001-v1,42
2025-06-20 10:00:00,EXC002,OP1001,6497.4,5.3,7,35.7,Fastened,No,synthetic,CAT 325,26.4,Sand,8.3,60.0,America/Chicago,data-001-v1,42
2025-06-20 11:00:00,EXC002,OP2001,6498.1,6.1,7,38.0,Fastened,No,synthetic,CAT 325,30.6,Clay,44.0,60.0,America/Chicago,data-001-v1,42
2025-06-20 12:00:00,EXC002,OP1001,6498.8,7.7,13,19.5,Fastened,No,synthetic,CAT 325,31.1,Sand,26.3,60.0,America/Chicago,data-001-v1,42
2025-06-20 13:00:00,EXC002,OP2001,6499.6,9.4,18,7.6,Fastened,No,synthetic,CAT 325,27.0,Loam,46.0,60.0,America/Chicago,data-001-v1,42
2025-06-20 14:00:00,EXC002,OP1001,6500.2,0.5,0,51.5,Fastened,Yes,synthetic,CAT 325,21.2,Sand,39.1,60.0,America/Chicago,data-001-v1,42
2025-06-20 15:00:00,EXC002,OP2001,6501.0,7.8,12,21.8,Fastened,No,synthetic,CAT 325,42.0,Gravel,10.9,60.0,America/Chicago,data-001-v1,42
2025-06-20 16:00:00,EXC002,OP1001,6501.8,4.9,7,38.0,Fastened,No,synthetic,CAT 325,27.6,Loam,51.5,60.0,America/Chicago,data-001-v1,42
2025-06-20 17:00:00,EXC002,OP2001,6502.5,6.8,15,9.6,Fastened,No,synthetic,CAT 325,26.6,Gravel,28.6,60.0,America/Chicago,data-001-v1,42
2025-06-23 06:00:00,EXC001,OP1001,1836.9,0.7,0,46.8,Fastened,No,synthetic,CAT 325,29.3,Loam,52.8,60.0,America/Chicago,data-001-v1,42
2025-06-23 07:00:00,EXC001,OP2001,1837.6,6.0,15,16.9,Fastened,No,synthetic,CAT 325,32.1,Loam,36.0,60.0,America/Chicago,data-001-v1,42
2025-06-23 08:00:00,EXC001,OP1001,1838.3,5.8,12,23.7,Fastened,No,synthetic,CAT 325,39.4,Clay,39.8,60.0,America/Chicago,data-001-v1,42
2025-06-23 09:00:00,EXC001,OP2001,1839.1,9.4,18,2.0,Fastened,No,synthetic,CAT 325,31.9,Clay,33.2,60.0,America/Chicago,data-001-v1,42
2025-06-23 10:00:00,EXC001,OP1001,1840.0,8.5,18,3.9,Fastened,No,synthetic,CAT 325,23.4,Loam,45.9,60.0,America/Chicago,data-001-v1,42
2025-06-23 11:00:00,EXC001,OP2001,1840.9,5.3,10,24.0,Fastened,No,synthetic,CAT 325,29.2,Loam,15.4,60.0,America/Chicago,data-001-v1,42
2025-06-23 12:00:00,EXC001,OP1001,1841.5,0.9,0,53.8,Fastened,No,synthetic,CAT 325,21.3,Clay,17.0,60.0,America/Chicago,data-001-v1,42
2025-06-23 13:00:00,EXC001,OP2001,1842.1,4.0,6,43.3,Fastened,No,synthetic,CAT 325,27.8,Clay,36.9,60.0,America/Chicago,data-001-v1,42
2025-06-23 14:00:00,EXC001,OP1001,1842.8,4.2,4,41.2,Fastened,No,synthetic,CAT 325,20.8,Clay,51.0,60.0,America/Chicago,data-001-v1,42
2025-06-23 15:00:00,EXC001,OP2001,1843.4,5.3,7,30.6,Fastened,No,synthetic,CAT 325,32.4,Clay,23.2,60.0,America/Chicago,data-001-v1,42
2025-06-23 16:00:00,EXC001,OP1001,1844.1,7.8,18,4.0,Fastened,No,synthetic,CAT 325,38.1,Loam,38.7,60.0,America/Chicago,data-001-v1,42
2025-06-23 17:00:00,EXC001,OP2001,1844.8,7.6,15,18.1,Fastened,No,synthetic,CAT 325,33.3,Loam,15.8,60.0,America/Chicago,data-001-v1,42
2025-06-23 06:00:00,EXC002,OP1001,6503.3,6.0,14,14.9,Fastened,No,synthetic,CAT 325,33.1,Clay,25.5,60.0,America/Chicago,data-001-v1,42
2025-06-23 07:00:00,EXC002,OP2001,6504.0,7.9,15,16.5,Fastened,No,synthetic,CAT 325,30.8,Gravel,25.2,60.0,America/Chicago,data-001-v1,42
2025-06-23 08:00:00,EXC002,OP1001,6504.7,5.9,10,24.0,Fastened,No,synthetic,CAT 325,27.7,Loam,51.5,60.0,America/Chicago,data-001-v1,42
2025-06-23 09:00:00,EXC002,OP2001,6505.4,5.4,7,38.8,Fastened,No,synthetic,CAT 325,28.4,Loam,32.8,60.0,America/Chicago,data-001-v1,42
2025-06-23 10:00:00,EXC002,OP1001,6506.2,6.3,14,19.0,Fastened,No,synthetic,CAT 325,29.7,Loam,33.6,60.0,America/Chicago,data-001-v1,42
2025-06-23 11:00:00,EXC002,OP2001,6506.9,5.1,7,31.9,Fastened,No,synthetic,CAT 325,39.7,Clay,47.2,60.0,America/Chicago,data-001-v1,42
2025-06-23 12:00:00,EXC002,OP1001,6507.6,0.6,0,45.0,Fastened,No,synthetic,CAT 325,40.6,Sand,64.1,60.0,America/Chicago,data-001-v1,42
2025-06-23 13:00:00,EXC002,OP2001,6508.2,6.1,10,28.6,Fastened,No,synthetic,CAT 325,23.4,Clay,8.7,60.0,America/Chicago,data-001-v1,42
2025-06-23 14:00:00,EXC002,OP1001,6509.1,5.0,10,25.6,Fastened,No,synthetic,CAT 325,23.3,Loam,12.2,60.0,America/Chicago,data-001-v1,42
2025-06-23 15:00:00,EXC002,OP2001,6509.8,7.3,16,7.1,Fastened,No,synthetic,CAT 325,30.8,Sand,6.6,60.0,America/Chicago,data-001-v1,42
2025-06-23 16:00:00,EXC002,OP1001,6510.4,4.7,9,30.8,Fastened,No,synthetic,CAT 325,27.7,Clay,21.3,60.0,America/Chicago,data-001-v1,42
2025-06-23 17:00:00,EXC002,OP2001,6511.1,5.2,10,22.4,Fastened,No,synthetic,CAT 325,26.9,Sand,54.8,60.0,America/Chicago,data-001-v1,42
2025-06-24 06:00:00,EXC001,OP1001,1845.4,1.0,0,45.4,Fastened,No,synthetic,CAT 325,28.7,Loam,42.3,60.0,America/Chicago,data-001-v1,42
2025-06-24 07:00:00,EXC001,OP2001,1846.1,6.9,9,32.7,Fastened,No,synthetic,CAT 325,28.3,Clay,47.8,60.0,America/Chicago,data-001-v1,42
2025-06-24 08:00:00,EXC001,OP1001,1846.8,9.3,18,8.1,Fastened,No,synthetic,CAT 325,22.2,Loam,28.9,60.0,America/Chicago,data-001-v1,42
2025-06-24 09:00:00,EXC001,OP2001,1847.4,4.3,7,42.1,Unfastened,Yes,synthetic,CAT 325,28.2,Loam,46.4,60.0,America/Chicago,data-001-v1,42
2025-06-24 10:00:00,EXC001,OP1001,1848.0,6.9,12,24.9,Fastened,No,synthetic,CAT 325,25.6,Clay,51.4,60.0,America/Chicago,data-001-v1,42
2025-06-24 11:00:00,EXC001,OP2001,1848.7,0.9,0,46.7,Fastened,No,synthetic,CAT 325,31.0,Clay,44.1,60.0,America/Chicago,data-001-v1,42
2025-06-24 12:00:00,EXC001,OP1001,1849.4,6.5,17,8.9,Fastened,No,synthetic,CAT 325,23.6,Gravel,43.1,60.0,America/Chicago,data-001-v1,42
2025-06-24 13:00:00,EXC001,OP2001,1850.0,0.8,0,49.4,Fastened,No,synthetic,CAT 325,22.6,Clay,14.3,60.0,America/Chicago,data-001-v1,42
2025-06-24 14:00:00,EXC001,OP1001,1850.8,3.4,8,30.4,Unfastened,Yes,synthetic,CAT 325,22.4,Sand,64.7,60.0,America/Chicago,data-001-v1,42
2025-06-24 15:00:00,EXC001,OP2001,1851.5,4.3,7,42.7,Fastened,No,synthetic,CAT 325,28.4,Sand,36.2,60.0,America/Chicago,data-001-v1,42
2025-06-24 16:00:00,EXC001,OP1001,1852.1,5.0,12,20.1,Unfastened,No,synthetic,CAT 325,28.4,Loam,47.3,60.0,America/Chicago,data-001-v1,42
2025-06-24 17:00:00,EXC001,OP2001,1852.8,2.3,4,42.3,Fastened,No,synthetic,CAT 325,31.0,Clay,32.4,60.0,America/Chicago,data-001-v1,42
2025-06-24 06:00:00,EXC002,OP1001,6511.7,5.5,10,28.3,Fastened,No,synthetic,CAT 325,32.1,Clay,12.3,60.0,America/Chicago,data-001-v1,42
2025-06-24 07:00:00,EXC002,OP2001,6512.3,0.6,0,53.3,Fastened,No,synthetic,CAT 325,27.0,Sand,37.8,60.0,America/Chicago,data-001-v1,42
2025-06-24 08:00:00,EXC002,OP1001,6513.0,7.3,16,7.6,Fastened,No,synthetic,CAT 325,32.1,Loam,52.6,60.0,America/Chicago,data-001-v1,42
2025-06-24 09:00:00,EXC002,OP2001,6513.8,5.7,8,31.8,Fastened,No,synthetic,CAT 325,34.2,Loam,49.9,60.0,America/Chicago,data-001-v1,42
2025-06-24 10:00:00,EXC002,OP1001,6514.6,6.8,12,23.1,Fastened,No,synthetic,CAT 325,31.2,Gravel,45.1,60.0,America/Chicago,data-001-v1,42
2025-06-24 11:00:00,EXC002,OP2001,6515.3,2.7,3,43.2,Fastened,No,synthetic,CAT 325,28.8,Clay,11.5,60.0,America/Chicago,data-001-v1,42
2025-06-24 12:00:00,EXC002,OP1001,6515.9,4.3,4,39.6,Fastened,No,synthetic,CAT 325,25.6,Sand,52.1,60.0,America/Chicago,data-001-v1,42
2025-06-24 13:00:00,EXC002,OP2001,6516.5,4.4,6,35.8,Fastened,No,synthetic,CAT 325,23.1,Gravel,40.0,60.0,America/Chicago,data-001-v1,42
2025-06-24 14:00:00,EXC002,OP1001,6517.3,3.8,7,39.1,Unfastened,Yes,synthetic,CAT 325,30.4,Sand,51.2,60.0,America/Chicago,data-001-v1,42
2025-06-24 15:00:00,EXC002,OP2001,6517.9,4.2,3,47.0,Fastened,No,synthetic,CAT 325,32.7,Clay,43.8,60.0,America/Chicago,data-001-v1,42
2025-06-24 16:00:00,EXC002,OP1001,6518.7,5.5,10,27.3,Fastened,No,synthetic,CAT 325,18.2,Gravel,22.7,60.0,America/Chicago,data-001-v1,42
2025-06-24 17:00:00,EXC002,OP2001,6519.4,0.5,0,50.1,Unfastened,No,synthetic,CAT 325,28.4,Gravel,37.0,60.0,America/Chicago,data-001-v1,42
2025-06-25 06:00:00,EXC001,OP1001,1853.4,5.3,3,47.9,Fastened,No,synthetic,CAT 325,28.6,Loam,50.9,60.0,America/Chicago,data-001-v1,42
2025-06-25 07:00:00,EXC001,OP2001,1854.2,7.2,14,18.7,Fastened,No,synthetic,CAT 325,34.0,Sand,18.3,60.0,America/Chicago,data-001-v1,42
2025-06-25 08:00:00,EXC001,OP1001,1854.9,3.4,4,44.6,Fastened,No,synthetic,CAT 325,31.8,Loam,25.1,60.0,America/Chicago,data-001-v1,42
2025-06-25 09:00:00,EXC001,OP2001,1855.7,9.1,17,8.8,Fastened,No,synthetic,CAT 325,30.9,Sand,42.3,60.0,America/Chicago,data-001-v1,42
2025-06-25 10:00:00,EXC001,OP1001,1856.4,4.7,6,36.0,Unfastened,Yes,synthetic,CAT 325,21.9,Loam,53.5,60.0,America/Chicago,data-001-v1,42
2025-06-25 11:00:00,EXC001,OP2001,1857.2,7.8,15,12.5,Fastened,Yes,synthetic,CAT 325,29.3,Loam,27.1,60.0,America/Chicago,data-001-v1,42
2025-06-25 12:00:00,EXC001,OP1001,1858.1,7.4,14,16.5,Fastened,No,synthetic,CAT 325,17.2,Sand,24.1,60.0,America/Chicago,data-001-v1,42
2025-06-25 13:00:00,EXC001,OP2001,1858.8,5.8,13,20.8,Fastened,No,synthetic,CAT 325,37.1,Clay,51.2,60.0,America/Chicago,data-001-v1,42
2025-06-25 14:00:00,EXC001,OP1001,1859.6,4.6,7,30.4,Fastened,No,synthetic,CAT 325,25.0,Gravel,7.3,60.0,America/Chicago,data-001-v1,42
2025-06-25 15:00:00,EXC001,OP2001,1860.3,0.6,0,47.4,Fastened,No,synthetic,CAT 325,31.2,Loam,29.5,60.0,America/Chicago,data-001-v1,42
2025-06-25 16:00:00,EXC001,OP1001,1861.0,7.0,12,21.3,Fastened,No,synthetic,CAT 325,27.0,Sand,22.7,60.0,America/Chicago,data-001-v1,42
2025-06-25 17:00:00,EXC001,OP2001,1861.6,4.2,5,44.6,Fastened,No,synthetic,CAT 325,21.9,Sand,38.4,60.0,America/Chicago,data-001-v1,42
2025-06-25 06:00:00,EXC002,OP1001,6520.0,3.2,5,43.6,Fastened,No,synthetic,CAT 325,25.6,Clay,43.6,60.0,America/Chicago,data-001-v1,42
2025-06-25 07:00:00,EXC002,OP2001,6520.6,4.2,3,45.4,Unfastened,Yes,synthetic,CAT 325,33.1,Loam,42.8,60.0,America/Chicago,data-001-v1,42
2025-06-25 08:00:00,EXC002,OP1001,6521.2,4.6,6,44.4,Fastened,No,synthetic,CAT 325,32.3,Gravel,45.0,60.0,America/Chicago,data-001-v1,42
2025-06-25 09:00:00,EXC002,OP2001,6521.9,7.5,16,10.5,Fastened,No,synthetic,CAT 325,17.5,Loam,45.3,60.0,America/Chicago,data-001-v1,42
2025-06-25 10:00:00,EXC002,OP1001,6522.6,3.5,3,46.1,Fastened,No,synthetic,CAT 325,25.4,Sand,44.1,60.0,America/Chicago,data-001-v1,42
2025-06-25 11:00:00,EXC002,OP2001,6523.3,7.1,15,17.9,Fastened,No,synthetic,CAT 325,27.3,Loam,47.9,60.0,America/Chicago,data-001-v1,42
2025-06-25 12:00:00,EXC002,OP1001,6524.1,6.9,11,19.5,Fastened,No,synthetic,CAT 325,31.6,Loam,65.3,60.0,America/Chicago,data-001-v1,42
2025-06-25 13:00:00,EXC002,OP2001,6524.8,6.7,13,19.6,Fastened,No,synthetic,CAT 325,35.3,Loam,57.2,60.0,America/Chicago,data-001-v1,42
2025-06-25 14:00:00,EXC002,OP1001,6525.4,5.3,6,40.5,Fastened,No,synthetic,CAT 325,28.3,Sand,51.1,60.0,America/Chicago,data-001-v1,42
2025-06-25 15:00:00,EXC002,OP2001,6526.1,6.5,8,36.1,Fastened,No,synthetic,CAT 325,31.2,Sand,33.6,60.0,America/Chicago,data-001-v1,42
2025-06-25 16:00:00,EXC002,OP1001,6526.8,3.8,3,49.4,Fastened,No,synthetic,CAT 325,31.0,Clay,30.9,60.0,America/Chicago,data-001-v1,42
2025-06-25 17:00:00,EXC002,OP2001,6527.6,5.0,8,34.3,Fastened,No,synthetic,CAT 325,29.3,Gravel,9.6,60.0,America/Chicago,data-001-v1,42
2025-06-26 06:00:00,EXC001,OP1001,1862.2,6.2,8,32.5,Fastened,No,synthetic,CAT 325,31.9,Loam,28.8,60.0,America/Chicago,data-001-v1,42
2025-06-26 07:00:00,EXC001,OP2001,1862.8,4.5,4,45.2,Fastened,No,synthetic,CAT 325,31.9,Gravel,30.6,60.0,America/Chicago,data-001-v1,42
2025-06-26 08:00:00,EXC001,OP1001,1863.4,3.0,7,32.7,Fastened,No,synthetic,CAT 325,27.6,Loam,16.4,60.0,America/Chicago,data-001-v1,42
2025-06-26 09:00:00,EXC001,OP2001,1864.0,0.6,0,52.2,Unfastened,Yes,synthetic,CAT 325,27.5,Gravel,7.5,60.0,America/Chicago,data-001-v1,42
2025-06-26 10:00:00,EXC001,OP1001,1864.7,4.9,5,40.7,Fastened,No,synthetic,CAT 325,33.4,Sand,14.4,60.0,America/Chicago,data-001-v1,42
2025-06-26 11:00:00,EXC001,OP2001,1865.7,6.6,14,7.1,Fastened,No,synthetic,CAT 325,34.7,Gravel,59.3,60.0,America/Chicago,data-001-v1,42
2025-06-26 12:00:00,EXC001,OP1001,1866.4,3.1,5,46.0,Fastened,No,synthetic,CAT 325,33.4,Gravel,61.2,60.0,America/Chicago,data-001-v1,42
2025-06-26 13:00:00,EXC001,OP2001,1867.0,5.6,8,35.2,Fastened,No,synthetic,CAT 325,24.1,Gravel,28.6,60.0,America/Chicago,data-001-v1,42
2025-06-26 14:00:00,EXC001,OP1001,1867.7,5.4,5,39.8,Fastened,No,synthetic,CAT 325,30.2,Loam,35.5,60.0,America/Chicago,data-001-v1,42
2025-06-26 15:00:00,EXC001,OP2001,1868.3,0.6,0,47.7,Fastened,No,synthetic,CAT 325,41.4,Sand,47.3,60.0,America/Chicago,data-001-v1,42
2025-06-26 16:00:00,EXC001,OP1001,1869.1,6.3,14,12.7,Fastened,No,synthetic,CAT 325,28.0,Loam,58.6,60.0,America/Chicago,data-001-v1,42
2025-06-26 17:00:00,EXC001,OP2001,1869.9,7.0,17,6.9,Fastened,No,synthetic,CAT 325,29.1,Sand,16.2,60.0,America/Chicago,data-001-v1,42
2025-06-26 06:00:00,EXC002,OP1001,6528.5,6.6,14,15.9,Fastened,No,synthetic,CAT 325,25.5,Sand,40.3,60.0,America/Chicago,data-001-v1,42
2025-06-26 07:00:00,EXC002,OP2001,6529.4,7.9,18,5.6,Unfastened,Yes,synthetic,CAT 325,33.2,Sand,53.4,60.0,America/Chicago,data-001-v1,42
2025-06-26 08:00:00,EXC002,OP1001,6530.3,9.7,18,9.9,Fastened,No,synthetic,CAT 325,31.3,Sand,43.4,60.0,America/Chicago,data-001-v1,42
2025-06-26 09:00:00,EXC002,OP2001,6531.1,7.8,17,7.4,Fastened,No,synthetic,CAT 325,21.6,Loam,18.6,60.0,America/Chicago,data-001-v1,42
2025-06-26 10:00:00,EXC002,OP1001,6531.9,8.8,17,8.7,Fastened,No,synthetic,CAT 325,38.2,Gravel,27.2,60.0,America/Chicago,data-001-v1,42
2025-06-26 11:00:00,EXC002,OP2001,6532.5,3.5,3,46.4,Fastened,No,synthetic,CAT 325,22.3,Clay,10.3,60.0,America/Chicago,data-001-v1,42
2025-06-26 12:00:00,EXC002,OP1001,6533.3,7.4,15,13.1,Fastened,No,synthetic,CAT 325,31.2,Sand,69.6,60.0,America/Chicago,data-001-v1,42
2025-06-26 13:00:00,EXC002,OP2001,6534.0,6.6,10,27.4,Fastened,No,synthetic,CAT 325,31.4,Gravel,26.2,60.0,America/Chicago,data-001-v1,42
2025-06-26 14:00:00,EXC002,OP1001,6534.7,6.9,14,18.6,Fastened,No,synthetic,CAT 325,31.5,Clay,6.7,60.0,America/Chicago,data-001-v1,42
2025-06-26 15:00:00,EXC002,OP2001,6535.5,4.9,12,23.7,Fastened,No,synthetic,CAT 325,32.6,Loam,42.3,60.0,America/Chicago,data-001-v1,42
2025-06-26 16:00:00,EXC002,OP1001,6536.1,5.2,5,39.0,Fastened,No,synthetic,CAT 325,32.5,Clay,60.6,60.0,America/Chicago,data-001-v1,42
2025-06-26 17:00:00,EXC002,OP2001,6536.8,0.7,0,50.0,Fastened,No,synthetic,CAT 325,29.2,Loam,50.1,60.0,America/Chicago,data-001-v1,42
2025-06-27 06:00:00,EXC001,OP1001,1870.6,7.7,16,11.2,Fastened,No,synthetic,CAT 325,35.3,Gravel,12.0,60.0,America/Chicago,data-001-v1,42
2025-06-27 07:00:00,EXC001,OP2001,1871.5,6.7,14,18.8,Fastened,No,synthetic,CAT 325,28.5,Gravel,52.9,60.0,America/Chicago,data-001-v1,42
2025-06-27 08:00:00,EXC001,OP1001,1872.4,8.1,14,12.4,Fastened,No,synthetic,CAT 325,22.1,Loam,41.8,60.0,America/Chicago,data-001-v1,42
2025-06-27 09:00:00,EXC001,OP2001,1873.2,5.0,14,15.9,Fastened,No,synthetic,CAT 325,38.0,Sand,39.1,60.0,America/Chicago,data-001-v1,42
2025-06-27 10:00:00,EXC001,OP1001,1873.8,5.1,8,36.4,Fastened,No,synthetic,CAT 325,29.3,Clay,21.5,60.0,America/Chicago,data-001-v1,42
2025-06-27 11:00:00,EXC001,OP2001,1874.7,5.4,12,21.7,Fastened,No,synthetic,CAT 325,29.6,Sand,15.7,60.0,America/Chicago,data-001-v1,42
2025-06-27 12:00:00,EXC001,OP1001,1875.4,4.4,10,24.5,Fastened,No,synthetic,CAT 325,24.3,Sand,8.4,60.0,America/Chicago,data-001-v1,42
2025-06-27 13:00:00,EXC001,OP2001,1876.3,7.2,12,18.4,Fastened,No,synthetic,CAT 325,32.5,Loam,21.5,60.0,America/Chicago,data-001-v1,42
2025-06-27 14:00:00,EXC001,OP1001,1876.8,3.9,3,51.5,Fastened,No,synthetic,CAT 325,35.4,Gravel,16.3,60.0,America/Chicago,data-001-v1,42
2025-06-27 15:00:00,EXC001,OP2001,1877.4,3.8,4,42.6,Fastened,No,synthetic,CAT 325,21.0,Gravel,48.5,60.0,America/Chicago,data-001-v1,42
2025-06-27 16:00:00,EXC001,OP1001,1878.1,6.1,13,18.6,Fastened,No,synthetic,CAT 325,24.5,Loam,17.9,60.0,America/Chicago,data-001-v1,42
2025-06-27 17:00:00,EXC001,OP2001,1878.9,3.7,6,40.8,Fastened,No,synthetic,CAT 325,22.5,Clay,46.7,60.0,America/Chicago,data-001-v1,42
2025-06-27 06:00:00,EXC002,OP1001,6537.5,6.2,12,21.9,Fastened,No,synthetic,CAT 325,31.0,Sand,47.2,60.0,America/Chicago,data-001-v1,42
2025-06-27 07:00:00,EXC002,OP2001,6538.4,5.6,10,23.8,Fastened,No,synthetic,CAT 325,25.9,Gravel,44.8,60.0,America/Chicago,data-001-v1,42
2025-06-27 08:00:00,EXC002,OP1001,6539.1,4.9,6,39.3,Fastened,No,synthetic,CAT 325,25.3,Sand,30.3,60.0,America/Chicago,data-001-v1,42
2025-06-27 09:00:00,EXC002,OP2001,6540.0,7.6,13,17.3,Fastened,No,synthetic,CAT 325,35.0,Clay,50.1,60.0,America/Chicago,data-001-v1,42
2025-06-27 10:00:00,EXC002,OP1001,6540.6,6.7,10,22.5,Fastened,No,synthetic,CAT 325,27.9,Sand,46.8,60.0,America/Chicago,data-001-v1,42
2025-06-27 11:00:00,EXC002,OP2001,6541.5,7.2,15,9.5,Fastened,No,synthetic,CAT 325,21.6,Loam,40.1,60.0,America/Chicago,data-001-v1,42
2025-06-27 12:00:00,EXC002,OP1001,6542.2,3.7,5,44.3,Fastened,No,synthetic,CAT 325,29.5,Loam,31.5,60.0,America/Chicago,data-001-v1,42
2025-06-27 13:00:00,EXC002,OP2001,6542.9,3.6,3,47.1,Fastened,No,synthetic,CAT 325,35.0,Loam,23.1,60.0,America/Chicago,data-001-v1,42
2025-06-27 14:00:00,EXC002,OP1001,6543.7,6.5,13,17.5,Fastened,No,synthetic,CAT 325,38.4,Loam,35.6,60.0,America/Chicago,data-001-v1,42
2025-06-27 15:00:00,EXC002,OP2001,6544.5,6.2,9,31.3,Fastened,No,synthetic,CAT 325,31.5,Sand,11.9,60.0,America/Chicago,data-001-v1,42
2025-06-27 16:00:00,EXC002,OP1001,6545.2,4.9,10,32.2,Fastened,No,synthetic,CAT 325,33.5,Loam,27.0,60.0,America/Chicago,data-001-v1,42
2025-06-27 17:00:00,EXC002,OP2001,6545.8,3.8,4,46.5,Fastened,No,synthetic,CAT 325,33.2,Sand,41.6,60.0,America/Chicago,data-001-v1,42
2025-06-30 06:00:00,EXC001,OP1001,1879.6,2.6,3,44.4,Fastened,No,synthetic,CAT 325,32.0,Loam,32.3,60.0,America/Chicago,data-001-v1,42
2025-06-30 07:00:00,EXC001,OP2001,1880.3,6.4,10,23.1,Fastened,No,synthetic,CAT 325,43.2,Clay,48.4,60.0,America/Chicago,data-001-v1,42
2025-06-30 08:00:00,EXC001,OP1001,1881.1,8.0,17,8.9,Fastened,No,synthetic,CAT 325,35.6,Loam,52.1,60.0,America/Chicago,data-001-v1,42
2025-06-30 09:00:00,EXC001,OP2001,1881.7,3.3,7,30.3,Fastened,No,synthetic,CAT 325,23.8,Sand,39.8,60.0,America/Chicago,data-001-v1,42
2025-06-30 10:00:00,EXC001,OP1001,1882.4,3.2,4,43.7,Fastened,No,synthetic,CAT 325,27.3,Sand,37.5,60.0,America/Chicago,data-001-v1,42
2025-06-30 11:00:00,EXC001,OP2001,1883.1,4.8,3,48.6,Fastened,No,synthetic,CAT 325,31.7,Clay,20.6,60.0,America/Chicago,data-001-v1,42
2025-06-30 12:00:00,EXC001,OP1001,1883.9,2.6,3,45.5,Fastened,No,synthetic,CAT 325,26.2,Clay,33.4,60.0,America/Chicago,data-001-v1,42
2025-06-30 13:00:00,EXC001,OP2001,1884.6,6.5,13,16.7,Fastened,No,synthetic,CAT 325,26.4,Clay,61.1,60.0,America/Chicago,data-001-v1,42
2025-06-30 14:00:00,EXC001,OP1001,1885.5,8.7,18,8.5,Fastened,No,synthetic,CAT 325,28.9,Clay,7.4,60.0,America/Chicago,data-001-v1,42
2025-06-30 15:00:00,EXC001,OP2001,1886.5,7.4,18,2.0,Fastened,No,synthetic,CAT 325,34.0,Sand,34.4,60.0,America/Chicago,data-001-v1,42
2025-06-30 16:00:00,EXC001,OP1001,1887.2,6.0,9,34.2,Fastened,No,synthetic,CAT 325,33.7,Loam,6.3,60.0,America/Chicago,data-001-v1,42
2025-06-30 17:00:00,EXC001,OP2001,1887.9,4.5,6,34.5,Fastened,No,synthetic,CAT 325,33.3,Gravel,53.1,60.0,America/Chicago,data-001-v1,42
2025-06-30 06:00:00,EXC002,OP1001,6546.4,6.9,10,29.6,Fastened,No,synthetic,CAT 325,14.3,Sand,25.4,60.0,America/Chicago,data-001-v1,42
2025-06-30 07:00:00,EXC002,OP2001,6547.0,0.7,0,54.5,Fastened,No,synthetic,CAT 325,36.1,Loam,16.6,60.0,America/Chicago,data-001-v1,42
2025-06-30 08:00:00,EXC002,OP1001,6547.9,6.8,14,16.8,Fastened,No,synthetic,CAT 325,32.5,Clay,33.1,60.0,America/Chicago,data-001-v1,42
2025-06-30 09:00:00,EXC002,OP2001,6548.6,5.1,5,40.3,Unfastened,Yes,synthetic,CAT 325,27.3,Loam,41.0,60.0,America/Chicago,data-001-v1,42
2025-06-30 10:00:00,EXC002,OP1001,6549.4,5.9,10,26.0,Fastened,No,synthetic,CAT 325,31.6,Clay,5.9,60.0,America/Chicago,data-001-v1,42
2025-06-30 11:00:00,EXC002,OP2001,6550.1,3.3,3,48.9,Fastened,No,synthetic,CAT 325,37.4,Sand,32.9,60.0,America/Chicago,data-001-v1,42
2025-06-30 12:00:00,EXC002,OP1001,6550.7,5.6,8,29.9,Fastened,No,synthetic,CAT 325,22.3,Clay,48.4,60.0,America/Chicago,data-001-v1,42
2025-06-30 13:00:00,EXC002,OP2001,6551.5,6.8,15,17.2,Fastened,No,synthetic,CAT 325,20.9,Loam,35.7,60.0,America/Chicago,data-001-v1,42
2025-06-30 14:00:00,EXC002,OP1001,6552.1,0.8,0,53.5,Fastened,No,synthetic,CAT 325,36.0,Gravel,53.5,60.0,America/Chicago,data-001-v1,42
2025-06-30 15:00:00,EXC002,OP2001,6552.7,0.7,0,46.0,Fastened,No,synthetic,CAT 325,28.7,Sand,40.8,60.0,America/Chicago,data-001-v1,42
2025-06-30 16:00:00,EXC002,OP1001,6553.4,5.7,8,35.3,Unfastened,Yes,synthetic,CAT 325,26.1,Loam,33.3,60.0,America/Chicago,data-001-v1,42
2025-06-30 17:00:00,EXC002,OP2001,6554.1,0.8,0,54.6,Fastened,No,synthetic,CAT 325,28.7,Loam,45.4,60.0,America/Chicago,data-001-v1,42
2025-07-01 06:00:00,EXC001,OP1001,1888.6,2.3,3,48.0,Fastened,No,synthetic,CAT 325,33.2,Clay,22.8,60.0,America/Chicago,data-001-v1,42
2025-07-01 07:00:00,EXC001,OP2001,1889.5,7.4,12,20.6,Fastened,No,synthetic,CAT 325,29.7,Sand,16.8,60.0,America/Chicago,data-001-v1,42
2025-07-01 08:00:00,EXC001,OP1001,1890.4,7.3,17,5.1,Fastened,No,synthetic,CAT 325,32.4,Clay,16.6,60.0,America/Chicago,data-001-v1,42
2025-07-01 09:00:00,EXC001,OP2001,1891.1,4.2,4,40.9,Unfastened,No,synthetic,CAT 325,28.5,Gravel,28.4,60.0,America/Chicago,data-001-v1,42
2025-07-01 10:00:00,EXC001,OP1001,1891.7,0.8,0,46.3,Fastened,No,synthetic,CAT 325,36.8,Sand,10.2,60.0,America/Chicago,data-001-v1,42
2025-07-01 11:00:00,EXC001,OP2001,1892.3,0.6,0,48.7,Unfastened,Yes,synthetic,CAT 325,28.2,Sand,13.2,60.0,America/Chicago,data-001-v1,42
2025-07-01 12:00:00,EXC001,OP1001,1893.0,7.7,16,13.4,Fastened,No,synthetic,CAT 325,30.8,Sand,27.8,60.0,America/Chicago,data-001-v1,42
2025-07-01 13:00:00,EXC001,OP2001,1893.7,6.6,18,3.2,Fastened,No,synthetic,CAT 325,28.3,Sand,59.0,60.0,America/Chicago,data-001-v1,42
2025-07-01 14:00:00,EXC001,OP1001,1894.3,5.4,6,40.1,Fastened,No,synthetic,CAT 325,31.9,Gravel,13.7,60.0,America/Chicago,data-001-v1,42
2025-07-01 15:00:00,EXC001,OP2001,1895.2,7.1,18,4.5,Fastened,No,synthetic,CAT 325,25.0,Clay,12.3,60.0,America/Chicago,data-001-v1,42
2025-07-01 16:00:00,EXC001,OP1001,1896.0,4.0,7,31.9,Fastened,No,synthetic,CAT 325,34.3,Gravel,15.6,60.0,America/Chicago,data-001-v1,42
2025-07-01 17:00:00,EXC001,OP2001,1896.7,3.0,5,39.1,Fastened,No,synthetic,CAT 325,36.4,Loam,10.0,60.0,America/Chicago,data-001-v1,42
2025-07-01 06:00:00,EXC002,OP1001,6555.0,7.5,16,11.3,Fastened,No,synthetic,CAT 325,22.5,Clay,34.8,60.0,America/Chicago,data-001-v1,42
2025-07-01 07:00:00,EXC002,OP2001,6555.7,5.5,10,23.4,Fastened,No,synthetic,CAT 325,38.4,Clay,21.2,60.0,America/Chicago,data-001-v1,42
2025-07-01 08:00:00,EXC002,OP1001,6556.3,0.8,0,46.3,Fastened,No,synthetic,CAT 325,36.3,Sand,36.4,60.0,America/Chicago,data-001-v1,42
2025-07-01 09:00:00,EXC002,OP2001,6557.0,6.6,12,22.9,Fastened,No,synthetic,CAT 325,24.1,Sand,46.1,60.0,America/Chicago,data-001-v1,42
2025-07-01 10:00:00,EXC002,OP1001,6557.9,6.4,13,19.2,Fastened,No,synthetic,CAT 325,34.9,Loam,8.6,60.0,America/Chicago,data-001-v1,42
2025-07-01 11:00:00,EXC002,OP2001,6558.5,5.3,5,36.6,Fastened,No,synthetic,CAT 325,38.0,Sand,22.4,60.0,America/Chicago,data-001-v1,42
2025-07-01 12:00:00,EXC002,OP1001,6559.3,5.6,9,18.7,Fastened,No,synthetic,CAT 325,34.5,Gravel,22.8,60.0,America/Chicago,data-001-v1,42
2025-07-01 13:00:00,EXC002,OP2001,6559.9,5.9,9,30.4,Fastened,No,synthetic,CAT 325,35.1,Clay,51.8,60.0,America/Chicago,data-001-v1,42
2025-07-01 14:00:00,EXC002,OP1001,6560.6,5.1,5,40.0,Fastened,No,synthetic,CAT 325,31.4,Sand,9.8,60.0,America/Chicago,data-001-v1,42
2025-07-01 15:00:00,EXC002,OP2001,6561.3,4.8,6,39.3,Fastened,No,synthetic,CAT 325,34.6,Sand,8.7,60.0,America/Chicago,data-001-v1,42
2025-07-01 16:00:00,EXC002,OP1001,6562.2,8.2,17,12.6,Fastened,No,synthetic,CAT 325,30.8,Clay,28.2,60.0,America/Chicago,data-001-v1,42
2025-07-01 17:00:00,EXC002,OP2001,6562.9,8.0,17,5.3,Fastened,No,synthetic,CAT 325,27.3,Loam,34.7,60.0,America/Chicago,data-001-v1,42
